"","X1"
"1",208284.174155319
"2",178519.862048069
"3",218547.378314936
"4",213296.765812816
"5",300189.090908469
"6",151945.815821283
"7",247374.045864043
"8",255058.86024017
"9",198349.662755923
"10",130175.152798936
"11",120718.935884908
"12",359308.13826761
"13",120367.096749156
"14",208118.143545518
"15",161118.231305141
"16",150635.981165148
"17",154864.349138782
"18",113776.680415432
"19",145513.902197541
"20",114415.278379497
"21",301767.171400528
"22",146456.683472846
"23",223312.357851507
"24",140711.582531203
"25",130326.190685959
"26",237802.814802769
"27",132122.143380697
"28",269365.507674452
"29",152142.100658663
"30",89107.2732019074
"31",100244.736004096
"32",119903.604817136
"33",192601.389029601
"34",165074.152276123
"35",268067.255497521
"36",297322.670061435
"37",135250.400526175
"38",146628.321538616
"39",120033.28858824
"40",89618.1731758972
"41",163438.44135586
"42",149455.954901597
"43",132097.653753147
"44",119098.826865641
"45",120907.161780089
"46",269213.342601876
"47",230016.342335646
"48",230903.715693033
"49",95785.3831536636
"50",117755.875295021
"51",166078.66531642
"52",144075.350208493
"53",129351.979062723
"54",361800.799981772
"55",130216.36212514
"56",171068.597987164
"57",234502.766472176
"58",191260.935575857
"59",407217.251863481
"60",108021.127264735
"61",166372.934223369
"62",108967.087895112
"63",205036.122064305
"64",177194.245884348
"65",227465.028020846
"66",282185.265481038
"67",234151.127828908
"68",198376.653593569
"69",91023.9055128492
"70",210558.462343045
"71",253623.885772621
"72",112803.867220793
"73",203298.421459675
"74",133761.524755163
"75",97914.4334835778
"76",102144.158601253
"77",95395.7784594478
"78",119228.878926713
"79",103591.350327189
"80",131713.626566918
"81",174091.813103318
"82",171170.450186606
"83",238783.596709097
"84",130182.864400959
"85",191537.517162397
"86",253436.98746016
"87",173275.604017292
"88",158166.655840442
"89",81922.3264960711
"90",93627.1808375384
"91",103023.412502227
"92",126887.041014582
"93",132085.196531307
"94",198196.336104847
"95",187505.365089327
"96",174987.832191919
"97",190207.426602112
"98",104892.288514681
"99",105333.207910583
"100",105498.236371831
"101",197629.209746047
"102",177569.005530408
"103",132043.888360706
"104",189341.387490657
"105",180368.462713488
"106",235014.037699435
"107",95037.6246432967
"108",104851.275881113
"109",110868.834252244
"110",179212.734342971
"111",149019.048260579
"112",191744.699564776
"113",288708.067163941
"114",221581.180318862
"115",190060.871329609
"116",169623.534423506
"117",128822.740262411
"118",131692.160687531
"119",329982.842175578
"120",168838.605105798
"121",169988.656767428
"122",97007.5911269181
"123",127520.628538211
"124",151086.618214617
"125",168616.623426858
"126",113784.717602615
"127",152738.774964964
"128",97955.7733710261
"129",162275.098320214
"130",144601.611247544
"131",226921.114783179
"132",202631.040742897
"133",135255.478098109
"134",216373.095361189
"135",166239.781280545
"136",188512.972522019
"137",129314.827328308
"138",226100.61312569
"139",278237.070335453
"140",193959.181558687
"141",89646.7652312393
"142",209150.07547228
"143",136768.769260953
"144",196384.492125818
"145",162489.749456988
"146",155858.673694171
"147",112935.344266719
"148",208149.323847887
"149",137066.602179875
"150",114340.381833349
"151",131660.41833689
"152",273246.731640403
"153",186843.637401832
"154",174085.274431698
"155",129619.488415483
"156",110642.742448115
"157",116042.58828559
"158",258443.374850258
"159",209236.421693075
"160",250893.766092232
"161",154535.478500898
"162",385697.540755627
"163",196499.476428289
"164",83369.5847710346
"165",144400.751237519
"166",118266.057022339
"167",161890.651624341
"168",288960.871309251
"169",199220.91032745
"170",242679.588354028
"171",137609.490539439
"172",186618.897390695
"173",210805.504047645
"174",175533.870729778
"175",193176.50385573
"176",192617.987922024
"177",210650.524653624
"178",164414.912166541
"179",340107.481168558
"180",121334.197863925
"181",170898.545485594
"182",170486.855191977
"183",116446.07419937
"184",210283.519050693
"185",122310.123196593
"186",449985.059313648
"187",187776.349286777
"188",133524.049019646
"189",171322.575834692
"190",237647.307934759
"191",267077.184556971
"192",188247.868427845
"193",191061.278954287
"194",176030.558208358
"195",107102.527700675
"196",172123.646119243
"197",247086.004795453
"198",327316.234502778
"199",128261.42468122
"200",269988.410328532
"201",116987.087413178
"202",186581.794419175
"203",137450.766465499
"204",151073.401772945
"205",118339.395822108
"206",184910.553339191
"207",132576.635281509
"208",114992.104452547
"209",237990.863070126
"210",151285.951691684
"211",103492.070325855
"212",151546.213176246
"213",226148.49421475
"214",135113.067317967
"215",137913.7343547
"216",125540.459454105
"217",197127.582805213
"218",100711.268287597
"219",222456.468035505
"220",168787.965145647
"221",180871.092924986
"222",189852.782857473
"223",193502.811707868
"224",108873.459217538
"225",350074.62781725
"226",124242.2893719
"227",257320.665988975
"228",127345.021773017
"229",114869.074045436
"230",184148.502537287
"231",135636.32176972
"232",330132.910666835
"233",131131.868977647
"234",121195.983820292
"235",210697.775782469
"236",127486.892404776
"237",177565.570482164
"238",205022.633383906
"239",237145.692103044
"240",144893.760522075
"241",230016.183434008
"242",95409.2472155655
"243",112028.75277042
"244",138454.579681093
"245",239888.746802874
"246",219704.40537029
"247",148208.319143289
"248",150251.614394539
"249",191879.848373751
"250",269080.413439442
"251",79182.1888578094
"252",258522.028241183
"253",167736.484022468
"254",154294.635787466
"255",127541.268303474
"256",215282.854985254
"257",174586.596345859
"258",228770.488482376
"259",210496.023547573
"260",103912.993825115
"261",176552.524585385
"262",283613.36580439
"263",158953.636230689
"264",136802.002553888
"265",114466.194379923
"266",170683.276721826
"267",190279.078094175
"268",152018.054285488
"269",110629.615913273
"270",156484.683817684
"271",261987.866841508
"272",210078.764811532
"273",278879.33912731
"274",169082.921797953
"275",108233.353282483
"276",188186.60929558
"277",181779.933277349
"278",106387.184242858
"279",317662.759632429
"280",217593.057093316
"281",212928.981664218
"282",156849.415326335
"283",199521.345567712
"284",237136.436516992
"285",171440.226721612
"286",176368.632282501
"287",169866.628548948
"288",86086.7853079865
"289",108408.172134059
"290",128729.20688427
"291",233638.55231931
"292",122920.651638677
"293",133363.824048043
"294",239940.384510174
"295",182993.256978486
"296",150734.985698806
"297",129005.26686878
"298",211171.350967292
"299",194358.03626822
"300",140470.918377517
"301",136952.484916606
"302",256012.69823575
"303",216659.731682539
"304",133507.86968646
"305",286567.2131482
"306",274094.836607249
"307",267238.255641834
"308",113727.112675183
"309",106499.243938761
"310",353522.155289461
"311",175933.146184347
"312",138276.480090076
"313",139790.038848735
"314",379610.685728347
"315",199695.452680691
"316",208188.360706139
"317",244973.147350918
"318",261881.247320113
"319",290083.554427424
"320",218610.006715128
"321",337459.841611278
"322",314191.575703849
"323",264561.742587826
"324",94846.9175782152
"325",233920.981240897
"326",118552.622725359
"327",274565.96226944
"328",142283.61556063
"329",172043.003933681
"330",109995.352466046
"331",142277.67255963
"332",120037.514462716
"333",283001.382667236
"334",200252.246449713
"335",201883.612691804
"336",263684.075621928
"337",320529.273306182
"338",199615.439181178
"339",194868.565140999
"340",131870.596622953
"341",94583.5416672497
"342",97363.0414036847
"343",251290.937204663
"344",116889.641020936
"345",135333.016927283
"346",124103.307701044
"347",193914.234939738
"348",200979.825509704
"349",392549.766495486
"350",251700.118465458
"351",205582.963682583
"352",118629.999339385
"353",130204.280114449
"354",145207.351331063
"355",166059.620711328
"356",163975.669942143
"357",157124.369211096
"358",128116.049364925
"359",269105.436367384
"360",154820.007673037
"361",123794.554442263
"362",199973.909501094
"363",128883.217138407
"364",198129.496559209
"365",117572.007078545
"366",186750.292726811
"367",147686.718059562
"368",120251.806524296
"369",146643.353632149
"370",175719.099364021
"371",125769.518005533
"372",132608.048714522
"373",121991.368752403
"374",204796.786040914
"375",62926.6918955127
"376",119412.857465943
"377",258750.819077427
"378",313161.838378248
"379",179083.666211921
"380",133925.950174136
"381",194543.483054972
"382",194390.71912618
"383",132175.082338722
"384",240034.829528626
"385",202528.441674409
"386",100004.52490193
"387",144201.198483434
"388",177774.252482385
"389",405138.988694736
"390",126025.412986184
"391",203395.169103728
"392",102962.138569577
"393",91050.8861735355
"394",107762.162722684
"395",121827.189829672
"396",123101.408809953
"397",136696.766508513
"398",108472.721243981
"399",194991.222662019
"400",238585.541947491
"401",178846.945871865
"402",104027.916906557
"403",247150.829224694
"404",172446.649890444
"405",146038.775272516
"406",132048.677232043
"407",144776.846878066
"408",239890.253810515
"409",289967.046806787
"410",112654.982834767
"411",144311.326281925
"412",214043.301930373
"413",127043.395014311
"414",261621.919164396
"415",174013.703477939
"416",157604.462871051
"417",252128.458794386
"418",125370.746628805
"419",128344.790205208
"420",254053.34611529
"421",191515.716697107
"422",122418.972984824
"423",315154.027950461
"424",143473.811173207
"425",166003.117367779
"426",235192.821339381
"427",95307.0322453353
"428",185975.113425579
"429",182381.620214727
"430",127633.644658942
"431",112512.580094765
"432",145141.385474061
"433",173861.552428815
"434",87398.013329822
"435",219331.405946802
"436",134381.984950461
"437",120388.451025167
"438",107378.970424101
"439",138845.183473306
"440",432711.238622647
"441",99408.4706634751
"442",142669.583364582
"443",197210.29435871
"444",227013.906470599
"445",155845.135423143
"446",191108.006195128
"447",204420.40480864
"448",140816.567414442
"449",93189.8987521669
"450",118742.868377251
"451",241210.742339942
"452",189153.710876239
"453",210288.325442275
"454",174314.730120291
"455",183703.477849618
"456",138048.238245101
"457",157552.766848031
"458",175336.770484171
"459",125596.747005222
"460",241561.622958795
"461",170146.367645878
"462",116895.325313888
"463",148080.579603358
"464",106727.826957367
"465",181016.793838371
"466",185700.635408037
"467",137995.571523412
"468",237696.636815608
"469",172964.832810567
"470",226408.59367749
"471",207835.844306089
"472",145019.457067679
"473",288640.79051634
"474",227160.692300063
"475",132414.788927724
"476",184526.924490453
"477",341016.393060504
"478",274213.696791978
"479",108147.243073149
"480",328263.484625429
"481",316573.721619517
"482",180353.085847571
"483",165486.280032659
"484",119175.105402374
"485",119857.242063594
"486",143420.160101247
"487",155025.027169342
"488",164038.720384569
"489",96592.0920819699
"490",121769.836670008
"491",154741.533860208
"492",163637.790021246
"493",129532.082560815
"494",104992.659925784
"495",88854.6216742651
"496",343631.617264052
"497",177425.553280021
"498",108439.483923099
"499",118074.60665316
"500",134022.898248321
"501",195468.0374616
"502",138849.592750331
"503",227945.13725387
"504",184622.535294242
"505",143332.909039772
"506",235823.709752318
"507",150422.037711048
"508",179880.074822977
"509",123832.228174334
"510",141863.00653553
"511",181357.997677547
"512",129199.312950941
"513",152407.761843055
"514",105756.615147258
"515",392944.916195274
"516",184236.51782913
"517",243647.338994585
"518",185842.133297913
"519",185750.019462154
"520",96821.7663077782
"521",153012.246252425
"522",172823.671222917
"523",670235.504657874
"524",273053.63925553
"525",179938.713596068
"526",112913.664350391
"527",370372.980478722
"528",88527.1545473863
"529",249189.643083371
"530",182707.075854217
"531",149670.554848109
"532",106166.852677049
"533",52692.1829475306
"534",216238.598799892
"535",114604.159800972
"536",193746.768014747
"537",109228.239481707
"538",131146.906872104
"539",241718.336472355
"540",318609.298490691
"541",268910.970792134
"542",215051.455677131
"543",145523.527244432
"544",213564.066435529
"545",238391.063335059
"546",167830.79753564
"547",127116.176211749
"548",130451.316381101
"549",213651.223271784
"550",150618.553138097
"551",107541.777607845
"552",243475.354378743
"553",112121.919124524
"554",261396.428361947
"555",113705.580421715
"556",131026.002303327
"557",109822.446083267
"558",217791.173455804
"559",184085.450690224
"560",161244.641839518
"561",151705.180238781
"562",111518.719739781
"563",172077.488325664
"564",237137.899119193
"565",151861.325573372
"566",316137.445245332
"567",177489.873555028
"568",260321.436108857
"569",143143.506499696
"570",146797.474992982
"571",130513.122589104
"572",194881.643576053
"573",189507.767784727
"574",116617.186787712
"575",114136.570052858
"576",172314.596217892
"577",158286.027172363
"578",168868.049254389
"579",127856.974894267
"580",178445.383696634
"581",271581.587335425
"582",118611.385051687
"583",370034.401435462
"584",102713.518259872
"585",303022.414821389
"586",132592.078888168
"587",128423.008060207
"588",156345.143197143
"589",105956.108465104
"590",189704.459263976
"591",416746.228091445
"592",127882.477409436
"593",144836.931622559
"594",106569.211643905
"595",283110.276701076
"596",126593.879347385
"597",228160.8449365
"598",166571.579559898
"599",186918.091871032
"600",255649.892875221
"601",144320.128399581
"602",257795.259198435
"603",176785.249592904
"604",208572.29633947
"605",230704.980447664
"606",135363.312720051
"607",151679.922742582
"608",284336.967687725
"609",106983.208805303
"610",359077.969838715
"611",166465.81687666
"612",262887.777769925
"613",99815.8796333809
"614",88051.1256852941
"615",151211.803462934
"616",187081.047410083
"617",131450.209258535
"618",283814.557270598
"619",317487.29073611
"620",80198.7459120127
"621",214004.460182508
"622",123774.317383859
"623",170496.884263832
"624",194251.848563513
"625",151679.431200603
"626",119451.857256835
"627",159523.561614164
"628",192260.079960215
"629",170921.827882283
"630",120029.881175365
"631",211055.767658879
"632",191075.210962763
"633",124335.997893668
"634",154078.063552282
"635",163430.728603743
"636",66265.1700141052
"637",119197.207082499
"638",97789.0594567024
"639",262364.107678404
"640",224641.785804142
"641",227761.942655842
"642",332150.417348554
"643",154080.279430554
"644",331331.344133407
"645",161877.392625205
"646",116815.928918744
"647",156288.649595746
"648",171131.967041284
"649",87299.3491356052
"650",187270.064489565
"651",113512.998909173
"652",198793.764815166
"653",131863.747193929
"654",315285.862809189
"655",127820.035895857
"656",128327.793783779
"657",162814.543743263
"658",147284.916949777
"659",141672.754620708
"660",210650.822117692
"661",353782.589183511
"662",172250.539351433
"663",132585.949419665
"664",304886.402634375
"665",239610.070628178
"666",205131.769146487
"667",188689.162731199
"668",162457.43958394
"669",101747.082442883
"670",176103.165661523
"671",147709.333823323
"672",175530.21472542
"673",204105.982797754
"674",148325.391984392
"675",169348.364363148
"676",150060.531277001
"677",108089.703092929
"678",277701.262949545
"679",132515.08487123
"680",137995.274703648
"681",114489.346422113
"682",165593.191323607
"683",305825.348011514
"684",198798.667323112
"685",218661.994292305
"686",174955.714213714
"687",228705.291258727
"688",161412.191696116
"689",151279.905928688
"690",602785.941672118
"691",269635.618321593
"692",109344.427849658
"693",136643.804137748
"694",173932.821323328
"695",104957.765165232
"696",119845.431126491
"697",126981.261134365
"698",176041.154629304
"699",281674.858267435
"700",167828.588431673
"701",289451.981250981
"702",148494.86159495
"703",196134.544589155
"704",89203.5523671713
"705",281942.114360273
"706",225643.494695018
"707",192320.458928106
"708",105989.538880004
"709",71118.6309668178
"710",98288.3133676497
"711",222233.904779556
"712",119826.768330078
"713",167608.057375296
"714",158075.858913391
"715",198734.422757723
"716",155992.894219778
"717",286354.472334609
"718",122481.259147514
"719",247290.683058247
"720",144918.66965907
"721",104839.583659589
"722",108982.24548522
"723",313133.993646336
"724",107147.449627602
"725",192096.540961231
"726",186715.894144682
"727",171668.275608656
"728",109421.87141063
"729",241498.109720421
"730",193274.981484178
"731",214236.316278825
"732",126461.221849464
"733",108332.877637796
"734",203422.726616677
"735",97363.0414036847
"736",253871.963032502
"737",147273.511870952
"738",193057.404874783
"739",135621.462384743
"740",142985.214087081
"741",174602.38174046
"742",156741.245184067
"743",227397.949597893
"744",315091.143574104
"745",218449.711647366
"746",274041.999087064
"747",219431.345083025
"748",108062.264992873
"749",87434.4219999683
"750",179661.828373918
"751",177222.098414
"752",266108.714976869
"753",153068.223292289
"754",162982.117854174
"755",220151.129082725
"756",175039.805992202
"757",185301.09915333
"758",287752.515246845
"759",122084.446166224
"760",126133.712111414
"761",187852.977794773
"762",310341.283986555
"763",238798.397077145
"764",240319.912588043
"765",209611.633394404
"766",162671.52985618
"767",196082.936471297
"768",423961.79494319
"769",129330.47159728
"770",111818.043950414
"771",158052.289275874
"772",108413.638718059
"773",257110.649711645
"774",166876.525643216
"775",203712.063914261
"776",139194.464797518
"777",152489.999210879
"778",150449.318212035
"779",180054.353152185
"780",168513.445724619
"781",177279.813032986
"782",144757.909477983
"783",132813.026316375
"784",167383.771310247
"785",138729.817117877
"786",218916.912083327
"787",93385.1120237748
"788",185466.903936221
"789",173620.343815247
"790",164564.158193145
"791",233691.774883445
"792",203993.098057648
"793",204083.288591869
"794",173398.144985062
"795",155859.370698515
"796",106174.075275182
"797",392454.029465667
"798",152127.560657607
"799",192960.466928857
"800",116538.900327884
"801",209218.715956094
"802",365954.530816128
"803",112607.373299785
"804",176377.447313069
"805",119800.962898349
"806",182935.959595067
"807",139898.55984174
"808",147588.646829403
"809",178384.057177073
"810",150971.903874336
"811",118498.56442766
"812",147244.633458013
"813",128461.022637621
"814",182127.710286631
"815",116580.907828246
"816",283626.962893883
"817",148659.739234806
"818",199763.587329276
"819",187103.054032921
"820",105946.131769101
"821",201127.916269326
"822",146647.384089288
"823",210962.343009378
"824",375869.55650882
"825",103868.207427931
"826",186866.439280798
"827",189738.867277503
"828",176949.259055129
"829",189514.931026152
"830",176685.604581206
"831",222172.320183435
"832",161849.455528362
"833",133753.373878158
"834",119025.064559126
"835",145528.437109014
"836",135950.123562561
"837",119576.184271727
"838",111826.385181254
"839",142028.607392956
"840",144019.18790786
"841",165710.459738762
"842",117696.483871847
"843",165416.566506032
"844",175579.574278168
"845",225264.140423103
"846",121508.483311779
"847",214023.331433267
"848",178865.132174821
"849",144687.617765509
"850",204797.922536617
"851",176136.538119937
"852",166617.232366116
"853",183144.14049473
"854",127828.707641235
"855",151587.920492045
"856",169270.990675404
"857",179191.217194257
"858",220674.51794933
"859",164008.548657493
"860",143080.012245108
"861",148845.724981339
"862",123108.446308604
"863",175085.738646146
"864",132500.499047904
"865",242024.212106849
"866",128844.587320404
"867",155658.551162763
"868",229157.925645543
"869",105479.79735012
"870",170873.994481025
"871",118939.882759648
"872",118344.227854508
"873",115343.609943487
"874",263990.003420854
"875",120856.888230436
"876",344236.554282853
"877",138486.541730365
"878",115467.617357307
"879",143925.165459749
"880",211551.329385644
"881",177111.095376044
"882",119249.385271428
"883",107724.633030501
"884",272055.237540869
"885",149274.13626942
"886",125067.567986156
"887",273760.679518309
"888",172826.706652116
"889",122679.756812094
"890",183359.562221369
"891",136801.971375373
"892",140645.954822686
"893",132043.888360706
"894",179318.274686256
"895",95899.76923936
"896",145950.838572262
"897",388617.30927792
"898",117187.598198352
"899",94216.6052622859
"900",123131.769782605
"901",192923.510845188
"902",215638.840535687
"903",108311.950462862
"904",121597.532044166
"905",255799.906518354
"906",180042.640423881
"907",130538.490834501
"908",171245.116625989
"909",153671.083928145
"910",122569.745120105
"911",111064.313678457
"912",161850.808765337
"913",159737.102904188
"914",100333.070811475
"915",69052.0226432877
"916",104449.346424987
"917",269385.598293696
"918",169261.118644754
"919",190560.049966373
"920",164628.146748063
"921",160501.212353789
"922",184274.50715241
"923",199529.238646123
"924",148126.45034773
"925",277393.542817819
"926",209456.01027374
"927",224184.380988871
"928",212478.556777199
"929",222461.93584594
"930",117344.897679967
"931",283613.762396681
"932",179384.012387882
"933",215140.525783398
"934",101006.363113278
"935",186328.449441044
"936",208797.128412879
"937",226008.427253485
"938",202084.471505024
"939",172463.411362904
"940",230475.853907313
"941",121217.184938527
"942",145690.744795448
"943",165353.331984381
"944",142745.917223393
"945",128703.615434404
"946",273769.203374397
"947",204927.160173509
"948",176397.620533522
"949",129853.817182909
"950",120582.986023675
"951",115207.175833867
"952",183168.839172176
"953",138478.493222954
"954",164943.578230132
"955",153740.736737425
"956",122807.344971958
"957",189308.865300738
"958",196904.333811015
"959",104535.776273343
"960",242296.383787275
"961",184825.137065615
"962",243888.983208728
"963",222480.45359579
"964",171026.344891387
"965",140624.634933565
"966",120883.199555756
"967",74171.6780572025
"968",132490.444800509
"969",93601.8122146345
"970",176242.059552749
"971",133767.407302772
"972",177220.6589802
"973",180744.800534127
"974",198661.169330128
"975",82373.6018805104
"976",188324.935791006
"977",107096.12662636
"978",134953.248698657
"979",173031.610854826
"980",316036.962472125
"981",176674.222281127
"982",241994.5172883
"983",135935.309863145
"984",124111.535814457
"985",131673.768986385
"986",347003.164951728
"987",187654.976210678
"988",185941.049891591
"989",306133.949881787
"990",218994.573125219
"991",186041.638647533
"992",163065.583161181
"993",349652.516023109
"994",112910.652822359
"995",124471.604761016
"996",166273.073085015
"997",90555.6567478037
"998",186131.414604359
"999",90466.2144684926
"1000",103282.723999571
"1001",239989.060899219
"1002",143071.192478669
"1003",182149.033959839
"1004",119500.036567049
"1005",189956.71016551
"1006",104410.806101568
"1007",195615.364384816
"1008",111479.441563107
"1009",127689.640647621
"1010",108905.392544021
"1011",152147.50264513
"1012",121315.849716909
"1013",132377.291015492
"1014",232704.971731971
"1015",206005.101268013
"1016",209362.983817434
"1017",191644.401651972
"1018",182961.238895952
"1019",131081.836886467
"1020",186553.843655144
"1021",114240.105076119
"1022",183072.190922577
"1023",287836.389866133
"1024",129678.407470638
"1025",150878.681932025
"1026",272858.869879818
"1027",126881.806311812
"1028",141274.093799614
"1029",117348.750922996
"1030",272076.856385231
"1031",318852.588043404
"1032",225211.226217797
"1033",110853.391322152
"1034",92587.3591952471
"1035",301656.52309371
"1036",243192.76834086
"1037",96827.228384097
"1038",96560.2315715054
"1039",164220.81857172
"1040",169657.646446429
"1041",175952.059901427
"1042",249200.727953465
"1043",303235.723365632
"1044",111911.036735198
"1045",373438.818407302
"1046",131642.391652264
"1047",135926.112918622
"1048",91857.8607767993
"1049",171480.359930838
"1050",179981.894884388
"1051",184544.880348225
"1052",124756.648093939
"1053",262850.844823855
"1054",180175.079804012
"1055",199629.925227099
"1056",218763.806530186
"1057",334592.784719871
"1058",175732.582328227
"1059",213994.869815698
"1060",104722.607089521
"1061",151288.529834904
"1062",148196.579498743
"1063",143587.621371763
"1064",237065.983254762
"1065",171572.239866571
"1066",179528.68061197
"1067",223793.168876141
"1068",126852.450867827
"1069",120941.67367456
"1070",156279.241504802
"1071",134657.595870192
"1072",156533.113791051
"1073",191477.021389661
"1074",177581.932469
"1075",159512.345091243
"1076",125199.299005323
"1077",150971.054656837
"1078",110579.486152998
"1079",169721.129918035
"1080",130483.765820831
"1081",186005.350344795
"1082",151986.802771428
"1083",179482.594479152
"1084",149694.314663833
"1085",103504.664675928
"1086",261578.729718551
"1087",176030.558208358
"1088",220461.652372728
"1089",97363.0414036847
"1090",191163.608764918
"1091",174586.990830792
"1092",143227.984198556
"1093",117634.181354006
"1094",158936.48243578
"1095",122944.996749373
"1096",188586.894723435
"1097",100328.816293351
"1098",190952.154100668
"1099",68865.0184549453
"1100",110357.230414586
"1101",111707.300983355
"1102",159956.718106962
"1103",138289.37019631
"1104",299732.034937176
"1105",202012.837488912
"1106",211872.631619364
"1107",176198.448489732
"1108",278773.70413233
"1109",190474.644941844
"1110",208416.040094251
"1111",114580.769175454
"1112",118211.419040764
"1113",106019.446999607
"1114",267342.632784777
"1115",230987.660872434
"1116",129977.251312168
"1117",125891.545765842
"1118",114009.363577887
"1119",128626.672097242
"1120",200708.76910907
"1121",95658.9853335408
"1122",100692.930377031
"1123",190805.034157337
"1124",204902.406162368
"1125",236719.322586723
"1126",206929.420299533
"1127",131443.636393358
"1128",158021.536777081
"1129",98091.9130978299
"1130",151884.445546464
"1131",242061.778875995
"1132",174381.646039436
"1133",127315.792493433
"1134",128545.804216941
"1135",97572.8531770038
"1136",199074.615003688
"1137",134788.4832609
"1138",130876.950495415
"1139",178452.915938144
"1140",330494.073373417
"1141",98505.8263939929
"1142",101769.697786627
"1143",120041.220465801
"1144",180671.323607297
"1145",164993.03604035
"1146",144822.764054523
"1147",175367.57907974
"1148",128177.714779679
"1149",156296.728573314
"1150",167039.387182629
"1151",121321.840928851
"1152",221444.679279721
"1153",162508.062372302
"1154",154980.837280246
"1155",199498.152479446
"1156",225851.526527625
"1157",183050.011893239
"1158",169616.81796064
"1159",176055.462044396
"1160",125723.532509024
"1161",141709.222481793
"1162",164995.535787269
"1163",178386.692562215
"1164",232051.595283214
"1165",193239.926756773
"1166",188108.431651024
"1167",537440.990599314
"1168",143444.156211584
"1169",164619.760652797
"1170",176291.267251533
"1171",157957.029587478
"1172",195601.083348881
"1173",271708.970541327
"1174",119543.769090226
"1175",127096.261269818
"1176",126898.352901595
"1177",101632.818589517
"1178",221831.006626596
"1179",262087.974872772
"1180",613919.532700522
"1181",143343.880330173
"1182",207250.890305814
"1183",122794.058520899
"1184",119594.752066366
"1185",275312.178354912
"1186",202746.946508942
"1187",179652.729967366
"1188",206197.46524297
"1189",114105.745965794
"1190",168382.15304262
"1191",141096.522457473
"1192",162911.751468544
"1193",228159.952559977
"1194",160118.425445244
"1195",173427.307249471
"1196",128300.526897008
"1197",93754.6620572456
"1198",194415.23033383
"1199",126768.518353026
"1200",192978.991118457
"1201",144224.399031307
"1202",238247.021207771
"1203",107395.328288859
"1204",176829.174371468
"1205",135183.631109482
"1206",245846.566134231
"1207",189629.024409641
"1208",209298.49449578
"1209",99322.6236668787
"1210",102986.52423869
"1211",121042.353435326
"1212",108268.236291186
"1213",156217.378152912
"1214",218732.337367377
"1215",81658.4145927145
"1216",118943.925673952
"1217",109907.327976571
"1218",119270.283734746
"1219",151732.929222471
"1220",158016.501402123
"1221",216133.034310012
"1222",135828.460485564
"1223",203997.942137516
"1224",132071.61608951
"1225",309987.301253762
"1226",126039.610293802
"1227",201632.638072969
"1228",135733.294877628
"1229",112624.279474365
"1230",138045.382725895
"1231",118117.218145534
"1232",129084.038887501
"1233",184090.103908518
"1234",206895.468135565
"1235",149054.229865044
"1236",212586.671365633
"1237",208520.226071773
"1238",203065.840210878
"1239",205497.271900204
"1240",403940.264628705
"1241",199641.833522953
"1242",196969.898861723
"1243",185271.43657219
"1244",166348.24526133
"1245",176473.588510891
"1246",110572.649129064
"1247",250875.434169791
"1248",181350.56699056
"1249",115883.4221487
"1250",254171.171393791
"1251",199279.039431918
"1252",134997.512272101
"1253",258783.628704631
"1254",94798.4091402682
"1255",184399.015658768
"1256",165798.475342901
"1257",180544.314768943
"1258",110767.899314275
"1259",124636.034952062
"1260",157978.670143852
"1261",165464.448881331
"1262",196741.951367276
"1263",175371.197091237
"1264",289131.245107265
"1265",351649.58672768
"1266",124847.273347283
"1267",213750.080887021
"1268",162606.504378532
"1269",121114.512624866
"1270",147710.670926985
"1271",138928.925189378
"1272",144779.854366781
"1273",178416.345025735
"1274",186357.138944413
"1275",262211.36883985
"1276",108306.225846614
"1277",197904.294396006
"1278",200992.550626985
"1279",135163.827486605
"1280",148440.371594479
"1281",165850.17952254
"1282",132680.90711973
"1283",182083.812654213
"1284",168271.500867883
"1285",239344.262017028
"1286",263287.6579752
"1287",146315.390941448
"1288",127130.276114632
"1289",138766.085836854
"1290",202523.545770537
"1291",125899.199859365
"1292",132467.906641637
"1293",147998.983637947
"1294",155592.086647452
"1295",957572.070299771
"1296",135971.570120121
"1297",210590.239773428
"1298",144496.896273966
"1299",313288.042162015
"1300",203621.571593953
"1301",176322.345478001
"1302",297369.001079147
"1303",181413.43387764
"1304",132455.126723429
"1305",134463.162887734
"1306",170998.380120632
"1307",242227.582533502
"1308",194190.63515015
"1309",274106.920525945
"1310",337346.150343095
"1311",108986.372818227
"1312",202904.972727133
"1313",256258.502943645
"1314",181753.480647758
"1315",250626.312236451
"1316",96700.3220432339
"1317",191216.237538525
"1318",78700.1421214535
"1319",226000.879419361
"1320",82608.4529896577
"1321",242227.232157824
"1322",83129.5925934416
"1323",76168.5901770607
"1324",119493.869290538
"1325",221284.326890523
"1326",196269.9316291
"1327",238067.797228426
"1328",121844.709036877
"1329",106121.206948217
"1330",121754.312927039
"1331",135652.009525629
"1332",174258.109720003
"1333",144781.704214473
"1334",217309.342168279
"1335",107453.583040182
"1336",128880.739076959
"1337",154627.459042653
"1338",243629.274270533
"1339",167073.767867778
"1340",191208.553974202
"1341",96806.2009329283
"1342",213777.86289419
"1343",260538.285282844
"1344",217365.216740019
"1345",175513.436355568
"1346",260221.152421253
"1347",168925.923080407
"1348",138071.121128364
"1349",353895.371804297
"1350",251247.620386026
"1351",202952.075051926
"1352",107702.945910746
"1353",149767.770159353
"1354",164838.248996881
"1355",327655.558461023
"1356",182754.771048856
"1357",213604.224818289
"1358",116604.621229104
"1359",167560.034529331
"1360",176685.604581206
"1361",206015.927060208
"1362",210562.864018819
"1363",129983.305394425
"1364",144836.931622559
"1365",246404.826694388
"1366",102083.906191832
"1367",154092.65216603
"1368",239094.546664657
"1369",453529.645395518
"1370",234713.051913623
"1371",236926.25338223
"1372",120517.362551074
"1373",143566.942282081
"1374",127990.766671114
"1375",141738.898166156
"1376",89742.1996163154
"1377",202673.781441459
"1378",193178.438947177
"1379",139570.766286122
"1380",124523.203967669
"1381",106533.196232362
"1382",302242.486066013
"1383",167671.398515524
"1384",327298.431234774
"1385",155095.179724726
"1386",203681.849485279
"1387",158362.270178522
"1388",125028.641741609
"1389",169859.786277392
"1390",227105.619172722
"1391",279705.722596207
"1392",169584.117691212
"1393",123998.557441157
"1394",142602.692340421
"1395",158333.825557203
"1396",129792.963559376
"1397",191390.688755953
"1398",180126.371946373
"1399",253902.779118747
"1400",110062.449148694
"1401",258253.364627334
"1402",127152.368258657
"1403",103583.697501939
"1404",110633.135229919
"1405",217133.315764893
"1406",213003.809938386
"1407",140928.790836388
"1408",109687.413560877
"1409",246795.049772303
"1410",170321.248316904
"1411",227213.87651982
"1412",133581.621853876
"1413",309214.174791491
"1414",131433.005340705
"1415",199599.200544673
"1416",175491.129791186
"1417",155523.649072667
"1418",144842.677539399
"1419",188154.218129017
"1420",132644.128238511
"1421",141844.994998499
"1422",249652.195525237
"1423",140343.643157161
"1424",125448.358735454
"1425",168583.852490346
"1426",162282.919995454
"1427",148729.028113169
"1428",101221.131250073
"1429",188946.300587547
"1430",157471.16623787
"1431",173939.585259759
"1432",106798.247830765
"1433",288300.679031511
"1434",155847.290087134
"1435",205764.279821895
"1436",185472.323959635
"1437",151279.905928688
"1438",369315.122899736
"1439",127415.815702791
"1440",177567.496174022
"1441",135632.125984986
"1442",120170.691006222
"1443",264359.559972604
"1444",106537.558364371
"1445",98223.0263748365
"1446",130386.175708557
"1447",234609.324025787
"1448",101472.259919724
"1449",184293.240227532
"1450",173999.634376285
"1451",208593.202156665
"1452",191850.646997747
"1453",126320.873900075
"1454",142385.606214066
"1455",111153.364660523
"1456",148037.750556929
"1457",162741.941535372
"1458",182620.385310255
"1459",196044.188715375
"1460",176534.43336367
"1461",170975.032368046
"1462",170142.466040061
"1463",199002.061579064
"1464",117117.295661596
"1465",202709.725899419
"1466",129093.318090892
"1467",114527.687953446
"1468",172875.592389817
"1469",132684.397467887
"1470",317452.928298754
"1471",225272.585766504
"1472",277049.715669079
"1473",247769.033293227
"1474",409858.617746961
"1475",307355.877283463
"1476",205301.560130663
"1477",155499.502899196
"1478",167981.292188288
"1479",204887.980522965
"1480",200350.810876308
"1481",293137.197927012
"1482",236113.503691514
"1483",170680.316693347
"1484",187454.916235267
"1485",191838.883994488
"1486",109179.042154971
"1487",196864.839023512
"1488",310425.088692607
"1489",306101.672945476
"1490",207616.360121212
"1491",187487.631808096
"1492",178770.958934073
"1493",191596.158607605
"1494",170029.753683214
"1495",175064.287546194
"1496",173378.753238531
"1497",269381.917223506
"1498",255843.985246067
"1499",209186.387420516
"1500",180891.723358544
"1501",222233.518899189
"1502",203165.824648752
"1503",169286.942358109
"1504",148958.450987601
"1505",139930.123884408
"1506",156776.326104803
"1507",159149.057591019
"1508",142237.105444959
"1509",171001.416823083
"1510",167124.384082533
"1511",146286.731016606
"1512",141043.205063703
"1513",201472.544169244
"1514",122411.071013394
"1515",116178.910659778
"1516",189862.449948787
"1517",98790.7975305649
"1518",117256.607492635
"1519",113087.955488277
"1520",118172.936739261
"1521",111201.516383621
"1522",140386.821181526
"1523",136278.005505255
"1524",179752.575093643
"1525",121482.748998153
"1526",110250.862330632
"1527",151194.095888019
"1528",124392.744355062
"1529",128731.833409726
"1530",115669.397224225
"1531",84243.5160099926
"1532",186419.550973343
"1533",226123.627333795
"1534",120188.607193363
"1535",153371.007665122
"1536",126945.335689476
"1537",178408.376111106
"1538",99651.5617946861
"1539",133548.354441061
"1540",170633.968920294
"1541",135540.067868621
"1542",139517.637645231
"1543",122301.867015904
"1544",144489.690722334
"1545",143473.124758958
"1546",138932.951835406
"1547",129743.834973329
"1548",133789.946948983
"1549",145358.884817297
"1550",120533.04478542
"1551",115959.765984567
"1552",120883.111168317
"1553",103404.098229438
"1554",159879.59343339
"1555",123237.771630496
"1556",116332.765708691
"1557",117843.282785948
"1558",154780.341576186
"1559",153652.859647493
"1560",224145.453572131
"1561",102566.294565897
"1562",212394.920844251
"1563",115348.081315699
"1564",140255.850579493
"1565",106163.579728379
"1566",125193.998763492
"1567",204569.497606898
"1568",136239.353213818
"1569",224256.996205412
"1570",253704.808234642
"1571",169052.536667376
"1572",153281.619169995
"1573",132442.96049564
"1574",200363.739616515
"1575",133629.674229421
"1576",127942.599371744
"1577",308106.896614537
"1578",214150.377434388
"1579",144762.255442964
"1580",78283.8958698762
"1581",106784.935747757
"1582",128707.595418666
"1583",108386.267576406
"1584",139613.773117407
"1585",85031.007953577
"1586",124693.340601162
"1587",150249.297523405
"1588",115660.295894055
"1589",118357.693372911
"1590",206870.852368355
"1591",162601.015427419
"1592",204156.342467952
"1593",198820.249132667
"1594",199567.398489856
"1595",70621.3929300875
"1596",125540.981411022
"1597",96875.6714318543
"1598",258238.354035009
"1599",282007.704599436
"1600",178237.250326888
"1601",182729.467341171
"1602",217763.012858751
"1603",169006.357270541
"1604",142586.123465874
"1605",139716.603750395
"1606",137032.463408027
"1607",145120.005717215
"1608",133488.530384343
"1609",92330.0916691187
"1610",90181.2213653398
"1611",102158.121036448
"1612",107518.372279249
"1613",133870.079045225
"1614",201396.803526131
"1615",133776.80804444
"1616",131263.517664998
"1617",305023.273411547
"1618",207024.080320731
"1619",123078.774657241
"1620",180380.16517775
"1621",183088.267685877
"1622",281084.087573068
"1623",196114.458571479
"1624",278983.771560952
"1625",216525.352618732
"1626",226364.169690312
"1627",191716.732919896
"1628",189678.571321858
"1629",186259.439656111
"1630",155208.635339956
"1631",179786.726088966
"1632",213907.404607876
"1633",172814.385135166
"1634",234221.36985062
"1635",171056.856279309
"1636",220391.704313019
"1637",230529.296172165
"1638",235258.675228568
"1639",179715.15211729
"1640",170388.994433757
"1641",181280.822423753
"1642",131579.343748747
"1643",126338.521077043
"1644",115896.031499139
"1645",106800.241626456
"1646",135540.853409366
"1647",136349.810868231
"1648",172188.124362142
"1649",189056.446615672
"1650",170278.895182025
"1651",183944.361070428
"1652",170966.141160105
"1653",146139.257035455
"1654",141137.596826423
"1655",439535.068204969
"1656",362594.657985809
"1657",325701.020623959
"1658",505917.783449833
"1659",280505.784194693
"1660",293834.672648045
"1661",335103.419161957
"1662",306559.968830558
"1663",296924.926996034
"1664",312841.253654964
"1665",222738.829746421
"1666",379200.675912643
"1667",295342.63008291
"1668",240366.134583203
"1669",166537.442828194
"1670",175734.124809767
"1671",202165.387107961
"1672",444355.419032269
"1673",321203.254672511
"1674",279142.626108812
"1675",235427.285056845
"1676",280061.0109977
"1677",181467.576241136
"1678",192578.538791875
"1679",170142.704525775
"1680",175576.028836102
"1681",188085.494104363
"1682",197518.837184872
"1683",200010.642341179
"1684",211287.971888144
"1685",206700.051255728
"1686",284965.795125302
"1687",181570.332558303
"1688",187686.933853371
"1689",187317.618912268
"1690",273261.370080173
"1691",187352.041805937
"1692",340729.973945526
"1693",306485.427015652
"1694",240371.556635524
"1695",270350.2519339
"1696",232238.875969362
"1697",256531.294039369
"1698",269894.601763336
"1699",214381.762275509
"1700",376761.969171214
"1701",176240.136853328
"1702",178351.751753921
"1703",271526.450874387
"1704",207238.334988368
"1705",280053.303226486
"1706",221622.422318999
"1707",243143.570047563
"1708",202800.890315397
"1709",203766.248935743
"1710",172023.734194938
"1711",180673.025299699
"1712",120072.919331172
"1713",195295.181632891
"1714",238493.272385924
"1715",172435.974523735
"1716",106616.75493799
"1717",145456.07008578
"1718",195073.062419171
"1719",230119.276336198
"1720",173208.010687936
"1721",152047.210031418
"1722",204748.637242548
"1723",163545.134961984
"1724",169427.315392974
"1725",133314.1711633
"1726",132683.153255444
"1727",110471.911178814
"1728",119759.394741172
"1729",116369.357319313
"1730",116719.366579135
"1731",319818.140259138
"1732",230163.770132602
"1733",260566.726735664
"1734",181753.001524414
"1735",173572.352021933
"1736",175355.18024472
"1737",197528.379364671
"1738",260642.509313456
"1739",193014.082540079
"1740",242775.214942328
"1741",226032.773305381
"1742",201238.466194296
"1743",158146.103028442
"1744",139669.265221325
"1745",236432.10792843
"1746",115137.231694119
"1747",141960.084396412
"1748",233361.114232147
"1749",178110.440246846
"1750",123495.306666932
"1751",107347.816115786
"1752",143285.053857968
"1753",163798.014799005
"1754",158479.750479188
"1755",163943.199104596
"1756",169983.592264234
"1757",168801.076173349
"1758",116746.113791612
"1759",173545.677462694
"1760",186939.101847569
"1761",201749.604110753
"1762",124268.785927591
"1763",196336.242861407
"1764",144446.831535955
"1765",123715.259449381
"1766",127855.41995666
"1767",122843.85035327
"1768",146545.72792518
"1769",133779.849731957
"1770",124468.138711831
"1771",114447.373362423
"1772",119488.828088078
"1773",117081.1944957
"1774",200895.065756865
"1775",114195.782337523
"1776",81953.5045918984
"1777",145977.213001979
"1778",96127.3285250301
"1779",110283.151064765
"1780",147302.190296626
"1781",176756.286651012
"1782",67193.0842432631
"1783",116932.172838453
"1784",86455.69180242
"1785",224068.179842904
"1786",142363.429931668
"1787",161041.38801028
"1788",147986.543739791
"1789",126952.762541175
"1790",126628.92356931
"1791",142323.81709228
"1792",108317.689990149
"1793",114002.63900485
"1794",118205.826428582
"1795",109905.642599198
"1796",145962.808556182
"1797",158874.384350788
"1798",131924.583500824
"1799",141036.406702475
"1800",126916.789628182
"1801",181444.401665949
"1802",131271.937413713
"1803",109796.963420361
"1804",145360.888367072
"1805",99859.6584275197
"1806",105042.163282688
"1807",120162.401351674
"1808",104901.095971815
"1809",68675.8694491083
"1810",104555.093957314
"1811",121353.561232553
"1812",149116.354567892
"1813",138702.74699506
"1814",85771.7500877894
"1815",130341.668484203
"1816",163697.515693829
"1817",73284.2031996118
"1818",136776.533034509
"1819",128947.248112652
"1820",109332.293073929
"1821",107575.931276707
"1822",133425.254375349
"1823",180610.109093381
"1824",160854.047247627
"1825",163434.952652947
"1826",118040.263564597
"1827",160078.725858471
"1828",127023.430538137
"1829",162323.878308305
"1830",133769.209626398
"1831",93935.5680766917
"1832",152179.65644958
"1833",96277.0749617956
"1834",147273.511870952
"1835",140654.830779131
"1836",123590.104607634
"1837",126910.187638073
"1838",151478.652524445
"1839",135107.053310034
"1840",161350.934186989
"1841",148766.353711949
"1842",63128.2674156221
"1843",110501.340999817
"1844",117495.998658732
"1845",147925.296365874
"1846",125403.890561767
"1847",128418.536493318
"1848",183097.045591211
"1849",160522.38394664
"1850",233072.130255017
"1851",141543.211203232
"1852",144867.721295879
"1853",132043.888360706
"1854",171528.86479407
"1855",131702.658302104
"1856",433603.869213922
"1857",430431.78164482
"1858",430461.643988472
"1859",300751.067373175
"1860",309505.497741531
"1861",236448.640045766
"1862",266409.013141448
"1863",198164.166032969
"1864",240773.697970983
"1865",237008.914445042
"1866",169563.187291186
"1867",232549.394833219
"1868",120141.571782574
"1869",197926.119753596
"1870",196416.504474467
"1871",199594.849856421
"1872",188785.681917298
"1873",111268.893367387
"1874",129678.115747561
"1875",230734.933492858
"1876",245495.399524617
"1877",189821.674286667
"1878",198291.975111659
"1879",238391.079070279
"1880",254486.32402638
"1881",205132.827491454
"1882",270814.598123286
"1883",169270.782711497
"1884",108304.16616404
"1885",145526.609650985
"1886",95561.1321847193
"1887",129846.850918941
"1888",116207.202393763
"1889",123758.447002091
"1890",124222.565972094
"1891",133163.888972039
"1892",141668.749382601
"1893",147137.145143324
"1894",148728.34704689
"1895",166806.911855588
"1896",122223.385696322
"1897",229970.496036491
"1898",126113.62515331
"1899",187695.515662177
"1900",144256.927469973
"1901",205343.36274647
"1902",140409.779297448
"1903",165724.335773067
"1904",152146.696878902
"1905",203638.936900788
"1906",251129.488184536
"1907",155384.920157719
"1908",90275.3009252376
"1909",261034.906177961
"1910",73023.9973482521
"1911",274072.707757538
"1912",141479.4983644
"1913",186403.357310176
"1914",149995.751719929
"1915",334928.77969632
"1916",290524.340831528
"1917",193105.024613144
"1918",250273.617052244
"1919",200005.092586289
"1920",329508.943919179
"1921",112357.754456128
"1922",145890.663637414
"1923",115953.99273904
"1924",132973.907134913
"1925",136271.35421773
"1926",134569.91082423
"1927",156638.623695992
"1928",178084.833890333
"1929",174855.383995646
"1930",173980.524501589
"1931",179835.01578814
"1932",149394.789853907
"1933",231041.027647131
"1934",194033.054916735
"1935",174646.847986719
"1936",184377.177274803
"1937",222186.024071709
"1938",302488.00369947
"1939",321165.083754975
"1940",168581.158325992
"1941",272288.754655468
"1942",189906.880542572
"1943",213682.057054114
"1944",189795.560930231
"1945",243218.178301434
"1946",225669.790526583
"1947",177043.15171928
"1948",206414.331218662
"1949",133379.634889302
"1950",336729.961901195
"1951",161741.075510927
"1952",320535.519295798
"1953",160947.878955256
"1954",95698.6456277856
"1955",129016.02026785
"1956",137173.839490235
"1957",132165.825834851
"1958",125979.399807072
"1959",164534.573434369
"1960",165465.063260367
"1961",257080.833724581
"1962",347239.548328531
"1963",326808.214626538
"1964",384805.08238604
"1965",475701.228443514
"1966",352442.853255361
"1967",263179.53808874
"1968",307665.028350982
"1969",458967.238023011
"1970",266315.437193719
"1971",321494.560206761
"1972",298288.415416172
"1973",299528.223860537
"1974",181527.71567078
"1975",308986.945814215
"1976",222817.407847155
"1977",202018.221162109
"1978",184027.983767626
"1979",228542.457023515
"1980",229206.873329103
"1981",175877.941784724
"1982",171337.676011043
"1983",199699.391144098
"1984",206571.493993641
"1985",201029.133639442
"1986",207841.362065133
"1987",190990.887273321
"1988",225791.157249549
"1989",197158.821644827
"1990",241248.049674017
"1991",311694.550733414
"1992",288377.463658064
"1993",244559.658158209
"1994",283574.529411785
"1995",271827.603963227
"1996",233175.491542918
"1997",260538.765287354
"1998",284728.60451021
"1999",212801.008108628
"2000",200228.466904234
"2001",242417.106426156
"2002",191191.852266263
"2003",186106.091988041
"2004",192606.012066447
"2005",122485.552301531
"2006",168173.12121592
"2007",167987.930261121
"2008",185791.630801743
"2009",197014.608081158
"2010",181956.56576499
"2011",209643.899982629
"2012",126149.636471315
"2013",122484.302834486
"2014",117362.99358817
"2015",107358.798993081
"2016",195821.880419407
"2017",152439.590879727
"2018",237841.623999462
"2019",331669.384498419
"2020",168521.572502139
"2021",169613.258820556
"2022",168733.852042989
"2023",176670.544496464
"2024",269388.364481543
"2025",255900.307188586
"2026",258393.838614841
"2027",266245.36174988
"2028",195779.489325809
"2029",218767.651236158
"2030",230869.683094301
"2031",233288.87808267
"2032",343082.859990453
"2033",226689.911238388
"2034",369115.655914294
"2035",266116.711641524
"2036",203704.91709265
"2037",174143.008182179
"2038",174654.32773791
"2039",202059.782941783
"2040",141435.940451778
"2041",139059.925585928
"2042",132481.892358345
"2043",144906.044488276
"2044",182046.975199145
"2045",106021.753531149
"2046",132171.921987717
"2047",122980.002443274
"2048",92011.4479088363
"2049",141278.636059788
"2050",127445.557494355
"2051",111835.258760049
"2052",192514.260803254
"2053",134261.200483873
"2054",139984.745918328
"2055",177663.428945334
"2056",121065.734419535
"2057",113520.543455592
"2058",134952.160241421
"2059",123825.619452326
"2060",175228.28426685
"2061",137178.040815947
"2062",146905.879001377
"2063",91366.5514820671
"2064",110570.550805611
"2065",91657.4643760373
"2066",175971.932466887
"2067",150669.435540986
"2068",192320.202493661
"2069",137908.35357736
"2070",124333.912435389
"2071",135614.04518491
"2072",119446.1324222
"2073",152045.666267656
"2074",128649.569760122
"2075",128756.848917125
"2076",117809.748032048
"2077",137860.177269954
"2078",111578.086003783
"2079",109603.467561157
"2080",131625.925610837
"2081",123886.841116856
"2082",112340.010489328
"2083",101696.098549106
"2084",139278.982545646
"2085",100959.070712945
"2086",122786.152811765
"2087",126574.987373408
"2088",137046.272891173
"2089",171949.619886877
"2090",105189.093408692
"2091",98224.9643746791
"2092",150205.953325446
"2093",69186.3662489217
"2094",86529.3145122906
"2095",140384.847418163
"2096",145671.82574043
"2097",107126.249742817
"2098",155496.980747495
"2099",110990.830371162
"2100",84996.4471211337
"2101",213159.198003517
"2102",115721.518474074
"2103",95852.0984666868
"2104",119267.912003247
"2105",159300.824319729
"2106",131989.301536471
"2107",111288.752281503
"2108",133729.822061594
"2109",149214.076137213
"2110",123892.465629601
"2111",141244.343365383
"2112",140409.219016911
"2113",122470.813482134
"2114",123403.810996459
"2115",106592.046739954
"2116",101460.54140513
"2117",196053.821482381
"2118",146479.286043585
"2119",159910.159517172
"2120",152561.109541988
"2121",131158.131357316
"2122",130679.953059263
"2123",144429.102473558
"2124",171115.165030223
"2125",133917.709871408
"2126",137271.870606343
"2127",148105.925413935
"2128",114612.081404511
"2129",85546.4711393268
"2130",110928.368532222
"2131",135177.8633477
"2132",159252.238768638
"2133",120772.116210171
"2134",154880.106611563
"2135",111268.804333048
"2136",136965.001618541
"2137",142371.299505624
"2138",119056.127249909
"2139",166219.005039615
"2140",170964.128638779
"2141",157863.958025572
"2142",137032.879242975
"2143",217261.526069504
"2144",142988.63965633
"2145",129853.187404974
"2146",141675.898193776
"2147",104833.291098677
"2148",137509.663520639
"2149",225920.117661403
"2150",232937.95230985
"2151",218685.638169916
"2152",206194.459432118
"2153",190038.064799754
"2154",238829.959388093
"2155",365316.02302196
"2156",346239.563156373
"2157",259208.350940459
"2158",186840.31506721
"2159",133621.26807454
"2160",209484.484594367
"2161",187902.772937496
"2162",192308.259978208
"2163",215240.21749347
"2164",141365.781341271
"2165",136964.233451582
"2166",158346.269953553
"2167",212603.424598945
"2168",335169.55630738
"2169",281260.430766314
"2170",216205.770697513
"2171",227639.690906022
"2172",144702.396546647
"2173",226960.016701881
"2174",175811.183064095
"2175",199609.528439889
"2176",173765.744489311
"2177",115826.960247427
"2178",131712.31922046
"2179",172919.056673532
"2180",159967.147828601
"2181",157933.438723178
"2182",239413.513206924
"2183",89613.4683290867
"2184",89753.5432091526
"2185",91777.7370268887
"2186",103490.077409102
"2187",102070.281179564
"2188",98246.1698914601
"2189",95832.4774584458
"2190",107615.301096398
"2191",162877.613665713
"2192",244191.648764167
"2193",142878.453703389
"2194",144664.796161617
"2195",200139.482551587
"2196",154560.725074834
"2197",138849.627750083
"2198",113767.231669314
"2199",143985.845075474
"2200",227443.27051076
"2201",238753.846857457
"2202",189092.965401229
"2203",141801.742492384
"2204",130926.837433774
"2205",121446.682166837
"2206",99799.5491675182
"2207",131953.108065573
"2208",105455.275206005
"2209",131639.308908387
"2210",69766.2303376281
"2211",97198.1437442414
"2212",93186.3688218891
"2213",101063.31942217
"2214",261034.906177961
"2215",229563.991073281
"2216",260299.304424136
"2217",229270.081571223
"2218",157480.957726706
"2219",154851.840901513
"2220",203069.843395429
"2221",249339.192659542
"2222",253732.979323524
"2223",142403.900694891
"2224",209677.476476172
"2225",170334.239496037
"2226",169618.185625575
"2227",235072.712978254
"2228",182213.128688634
"2229",247421.827026002
"2230",309296.308068171
"2231",254950.467501057
"2232",98640.3982011387
"2233",164558.593745458
"2234",140524.326629787
"2235",124634.296764903
"2236",126945.754770534
"2237",102589.125415667
"2238",106390.597963134
"2239",124438.36387865
"2240",126216.109110333
"2241",116367.813037672
"2242",107737.726075693
"2243",121895.227440717
"2244",137985.445423957
"2245",171769.558714102
"2246",165311.94278475
"2247",177527.607935278
"2248",197757.715701325
"2249",187834.273673573
"2250",204123.169511948
"2251",168617.890776199
"2252",178057.718164915
"2253",166858.146555207
"2254",206215.419166733
"2255",211135.518857897
"2256",333361.528476854
"2257",418097.808317026
"2258",179815.563891276
"2259",265561.873811511
"2260",273745.563421421
"2261",369562.78965745
"2262",166827.812433253
"2263",198289.219082513
"2264",212454.552777329
"2265",228266.636557269
"2266",157975.869783282
"2267",181160.996109238
"2268",178338.038735605
"2269",207018.225094737
"2270",201770.105805075
"2271",140165.773631012
"2272",110376.852141577
"2273",97766.5745179862
"2274",159571.337226905
"2275",177619.281991181
"2276",130939.857831546
"2277",131188.890393599
"2278",151391.418661098
"2279",118028.326507357
"2280",312760.487608631
"2281",241606.227360499
"2282",316013.908706854
"2283",376147.669963431
"2284",281967.14324466
"2285",418620.549148629
"2286",373366.394158744
"2287",337387.160582616
"2288",444608.367132026
"2289",251879.126628282
"2290",305358.116204882
"2291",300375.581185985
"2292",304217.974058359
"2293",315248.89162385
"2294",283799.220620142
"2295",225964.587472361
"2296",224160.31562109
"2297",245729.176597417
"2298",174129.003546232
"2299",175266.240505268
"2300",177038.523290259
"2301",211055.767658879
"2302",265541.500406586
"2303",201532.295445248
"2304",201298.885951433
"2305",165924.323796298
"2306",172722.912215789
"2307",173536.418611074
"2308",171158.572777797
"2309",207884.173371331
"2310",171270.76806112
"2311",164139.236471195
"2312",183887.488950537
"2313",169528.623630817
"2314",259188.946306396
"2315",176849.216972634
"2316",185334.612337686
"2317",202956.665601413
"2318",199496.782770045
"2319",189416.389438635
"2320",203623.957917846
"2321",214025.371828174
"2322",191085.365189529
"2323",180565.862135713
"2324",335252.334515262
"2325",374326.667699757
"2326",321002.797457006
"2327",243324.592373703
"2328",263401.456866842
"2329",298451.030628415
"2330",176459.18777476
"2331",267939.157214636
"2332",213113.097211987
"2333",362733.142522971
"2334",229940.551790017
"2335",223547.552714297
"2336",205890.587659625
"2337",222873.801373377
"2338",244919.674356956
"2339",196950.280205026
"2340",175380.675059196
"2341",223484.271942639
"2342",145701.920212587
"2343",287112.51630127
"2344",215233.918542667
"2345",241426.3551368
"2346",220502.891685424
"2347",119996.729215108
"2348",135372.961460931
"2349",134738.60401686
"2350",175766.36374577
"2351",176772.670595773
"2352",147409.336165839
"2353",116402.111118652
"2354",143834.351888562
"2355",250558.718016971
"2356",135002.513602272
"2357",164352.525743737
"2358",226409.724958108
"2359",200570.56232738
"2360",214358.34070899
"2361",201147.435617242
"2362",214007.569647996
"2363",182853.670214166
"2364",165093.477992304
"2365",177045.61661909
"2366",273718.315666202
"2367",287174.237310974
"2368",238017.82669568
"2369",257600.404556926
"2370",305626.988378016
"2371",159602.484283887
"2372",214693.012304283
"2373",153596.77313542
"2374",173874.410951041
"2375",193658.388903224
"2376",190170.884028223
"2377",235494.56185141
"2378",172205.57111739
"2379",138053.045866785
"2380",120219.38089023
"2381",125527.388216715
"2382",129316.250492219
"2383",141041.451122282
"2384",129617.015663245
"2385",106230.146267266
"2386",192422.290193167
"2387",150836.960511558
"2388",189933.654757714
"2389",148234.808070397
"2390",194852.681819964
"2391",124842.653620311
"2392",77763.1694876228
"2393",76142.6958084339
"2394",107303.325393284
"2395",120573.682109557
"2396",155492.145515869
"2397",152571.376607318
"2398",162626.521640664
"2399",135845.908723485
"2400",119179.128612899
"2401",133940.56337459
"2402",115137.233662163
"2403",175719.736773304
"2404",116456.222606336
"2405",127027.540799579
"2406",120672.177865871
"2407",119896.920701334
"2408",139631.135341128
"2409",137676.756587144
"2410",136234.827380536
"2411",118943.205524555
"2412",110013.225008604
"2413",128679.452247785
"2414",121811.758244392
"2415",112397.889864532
"2416",100206.766181729
"2417",135695.809847598
"2418",223625.612383629
"2419",130950.073664014
"2420",110880.22534378
"2421",198774.725070798
"2422",114296.607668482
"2423",134077.443658427
"2424",126832.488033783
"2425",118315.733243387
"2426",128071.945934137
"2427",131132.975630253
"2428",139254.867387959
"2429",103220.54316105
"2430",107799.001443547
"2431",125272.45504418
"2432",119568.194321048
"2433",143021.853294056
"2434",124698.956198661
"2435",110832.543425461
"2436",130174.069108137
"2437",128757.199542558
"2438",98439.1256385314
"2439",136177.805865485
"2440",214437.197428508
"2441",158197.481915245
"2442",126090.504374377
"2443",160350.069590037
"2444",124805.877402724
"2445",208744.035840087
"2446",91839.0349558656
"2447",108052.410482026
"2448",123543.603338359
"2449",125688.774796176
"2450",121142.884431719
"2451",144494.567024068
"2452",106707.354483298
"2453",172240.095381698
"2454",118415.156813884
"2455",120385.708123853
"2456",132413.171146165
"2457",164072.589329243
"2458",143461.728807328
"2459",123911.976358927
"2460",190347.878208707
"2461",116547.045914223
"2462",110441.737490132
"2463",193506.598703435
"2464",191867.64926675
"2465",180369.114088126
"2466",127914.917655779
"2467",110366.199783559
"2468",233483.299639299
"2469",119750.505544994
"2470",122138.891053278
"2471",150026.33379736
"2472",117795.162932026
"2473",149061.79090137
"2474",122350.029276061
"2475",129883.798226811
"2476",108140.540812591
"2477",131163.451831728
"2478",118366.141609195
"2479",132573.34100398
"2480",187739.448350894
"2481",166076.640474991
"2482",156785.997530941
"2483",135506.500095792
"2484",104405.999115616
"2485",173325.328677698
"2486",140716.859932091
"2487",152494.274640312
"2488",98006.7246352161
"2489",208752.625271784
"2490",147146.021172687
"2491",114243.671758332
"2492",92933.7125667895
"2493",120454.216358084
"2494",124500.751779362
"2495",135015.335385379
"2496",106359.296865772
"2497",194537.423966162
"2498",225680.857329877
"2499",241390.477442989
"2500",264298.842732496
"2501",241652.718560248
"2502",201537.905435061
"2503",210822.886565761
"2504",170737.168942104
"2505",195335.20925423
"2506",227987.302118768
"2507",257887.993654358
"2508",132793.535760807
"2509",175799.014321953
"2510",119180.205409478
"2511",132436.465940382
"2512",210632.802999093
"2513",219652.494968265
"2514",190335.307141173
"2515",226932.189775254
"2516",121907.722259755
"2517",138167.817531562
"2518",138170.622347505
"2519",131792.906986405
"2520",117346.670006404
"2521",122599.712242089
"2522",130114.679602066
"2523",106732.154302926
"2524",223087.084032968
"2525",224802.348168617
"2526",195648.870913153
"2527",221630.628789628
"2528",287201.239986543
"2529",241259.333574554
"2530",232490.297868994
"2531",183342.080915187
"2532",186084.338381006
"2533",158886.853748126
"2534",193030.687951196
"2535",145194.303439753
"2536",127229.3611568
"2537",111505.31019358
"2538",143799.896034168
"2539",138705.314668466
"2540",156611.048782171
"2541",154147.037504842
"2542",156344.288389185
"2543",862723.134272987
"2544",145282.304514471
"2545",119552.397903433
"2546",89759.7700986754
"2547",107940.158306657
"2548",135476.207439628
"2549",99986.8624005387
"2550",115819.020656389
"2551",162205.42920451
"2552",116355.04475016
"2553",143377.484619573
"2554",152404.773857902
"2555",133342.093935543
"2556",134037.648158376
"2557",204891.728048037
"2558",139495.316925923
"2559",117460.579264827
"2560",135973.327031698
"2561",209807.190015204
"2562",195720.015913095
"2563",141439.553699758
"2564",129661.940064831
"2565",188395.199706661
"2566",208267.987278425
"2567",259269.525769222
"2568",139822.934398037
"2569",112460.463794787
"2571",104714.461627134
"2572",71324.7084721443
"2573",117990.22945432
"2574",123759.970195717
"2575",112326.221222332
"2576",258918.841998946
"2577",179434.342108576
"2578",164866.009129013
"2579",209739.942025985
"2580",207922.550049648
"2581",152636.409332753
"2582",158671.47518396
"2583",213882.212143107
"2584",194985.507006164
"2585",183121.383225931
"2586",215627.010972376
"2587",186959.825720203
"2588",198014.518442205
"2589",283109.658122014
"2590",162765.949005363
"2591",262151.826480081
"2592",318642.618649873
"2593",143803.758690663
"2594",157164.480850273
"2595",101246.742564765
"2596",102474.196787589
"2597",92044.2466922684
"2598",100312.191091992
"2599",140663.460561308
"2600",213409.297810023
"2601",188493.623945125
"2602",156340.491662599
"2603",103982.789905177
"2604",112881.292753395
"2605",148452.116118456
"2606",117914.978662312
"2607",117147.533261042
"2608",171138.64851855
"2609",149445.456595577
"2610",175182.771280055
"2611",201662.058852698
"2612",197463.596068384
"2613",194110.247224227
"2614",175905.842588859
"2615",181588.308506217
"2616",238748.462782614
"2617",265559.907045304
"2618",254807.314809278
"2619",171929.360864339
"2620",190842.059459912
"2621",398256.673738245
"2622",437022.295424764
"2623",320360.153644999
"2624",424498.856304061
"2625",360888.133260574
"2626",274347.786875567
"2627",375054.011791192
"2628",160020.663405517
"2629",210403.548705899
"2630",186162.182617443
"2631",239402.602504334
"2632",182304.247352459
"2633",156443.701328305
"2634",114408.480010797
"2635",174320.836629832
"2636",142470.231968968
"2637",139448.36552702
"2638",128246.906870847
"2639",126495.921543654
"2640",133228.140222011
"2641",170226.755602662
"2642",130849.376173282
"2643",160074.06712351
"2644",168084.008221211
"2645",365494.105135559
"2646",237566.97418551
"2647",205811.765072875
"2648",328512.446937226
"2649",308306.405489032
"2650",309905.560435406
"2651",249257.942124049
"2652",276598.332204229
"2653",307796.393232216
"2654",313469.502232705
"2655",314567.754202909
"2656",296125.147384752
"2657",260432.76109321
"2658",304447.276225001
"2659",265167.164677325
"2660",169401.776762972
"2661",184354.963687363
"2662",153970.298312384
"2663",274944.8046996
"2664",185331.848625825
"2665",193914.486461468
"2666",203543.421677084
"2667",204633.411725143
"2668",165913.761207725
"2669",196798.226295658
"2670",183999.243181397
"2671",252914.643885843
"2672",288642.487243356
"2673",291084.073321611
"2674",375614.858792072
"2675",307296.028913994
"2676",480391.615711514
"2677",309055.563074196
"2678",337181.724094627
"2679",237576.054551329
"2680",302511.160849491
"2681",202084.901867481
"2682",193106.354310418
"2683",410078.506997762
"2684",167873.679830513
"2685",119988.668521886
"2686",177105.66663801
"2687",120721.658931753
"2688",191928.270120637
"2689",187917.026831011
"2690",174518.85716358
"2691",193180.914727081
"2692",169692.681795963
"2693",151171.928856284
"2694",160948.875503337
"2695",128218.068107451
"2696",151760.934586093
"2697",132244.774337987
"2698",110189.817901611
"2699",109742.950263297
"2700",130071.896063373
"2701",119923.229484633
"2702",98113.204937647
"2703",115030.647170162
"2704",332631.072220939
"2705",367716.270686349
"2706",174592.192572553
"2707",176949.259055129
"2708",163484.641056648
"2709",172367.935945232
"2710",182652.148316258
"2711",214363.234717882
"2712",150540.02017957
"2713",193119.354245323
"2714",133315.874925102
"2715",158597.308352318
"2716",155879.052909087
"2717",117817.361403931
"2718",122727.461395863
"2719",123558.873587273
"2720",176908.638427516
"2721",181317.328048279
"2722",146093.668152126
"2723",123089.260669805
"2724",137540.131917135
"2725",114366.299562836
"2726",152056.03143756
"2727",136457.448021471
"2728",123358.355742402
"2729",132933.674952189
"2730",110682.478216257
"2731",140353.144262366
"2732",172047.406299726
"2733",135584.300623071
"2734",129972.89151167
"2735",160186.236655838
"2736",133949.844423967
"2737",150894.524597133
"2738",135312.363373751
"2739",120661.920524326
"2740",157352.942498519
"2741",120411.98049252
"2742",117372.719937984
"2743",130541.415290018
"2744",119344.151091877
"2745",256616.479381082
"2746",142619.378753058
"2747",261580.019396627
"2748",149122.056692161
"2749",82992.2269202515
"2750",91696.594990788
"2751",90622.4919529493
"2752",166306.827304816
"2753",133113.205249839
"2754",146828.249504096
"2755",141014.54829635
"2756",202661.597405506
"2757",178776.891741447
"2758",266963.873827138
"2759",114390.840811428
"2760",97363.0414036847
"2761",112871.614714069
"2762",114779.787025578
"2763",169548.549055791
"2764",114655.125252695
"2765",109220.164805071
"2766",147642.373554664
"2767",128861.842242551
"2768",109083.493871985
"2769",153768.435333049
"2770",176417.634075195
"2771",143638.009585178
"2772",127155.095240463
"2773",124338.296216079
"2774",107035.730352084
"2775",92953.3619009102
"2776",89530.3461605751
"2777",129691.743664408
"2778",140734.431300312
"2779",85121.5495369408
"2780",133784.67402899
"2781",82469.6806674648
"2782",195527.683514339
"2783",108543.763105563
"2784",119576.459253323
"2785",76307.3875265547
"2786",141076.03519973
"2787",92261.7887777175
"2788",111233.166348949
"2789",107815.932461479
"2790",192950.706103166
"2791",121830.396768989
"2792",110982.515964062
"2793",93550.8798684973
"2794",125014.344584247
"2795",128008.499736622
"2796",170232.081166325
"2797",136895.305125152
"2798",110313.228668043
"2799",105865.764745083
"2800",164614.677717838
"2801",143890.760194431
"2802",131863.728865606
"2803",120918.358312446
"2804",162347.462950406
"2805",159466.152738701
"2806",151688.776047332
"2807",152219.40142611
"2808",113298.77433898
"2809",225472.945178989
"2810",150013.415575921
"2811",128043.944885183
"2812",184000.411014988
"2813",129599.720433835
"2814",121739.869162787
"2815",203189.82375263
"2816",280217.943902939
"2817",181287.845214984
"2818",135179.132411172
"2819",116604.197482345
"2820",143468.708715368
"2821",205705.892415707
"2822",233620.763210112
"2823",218974.983144327
"2824",172640.498073925
"2825",196985.878825274
"2826",273319.8001657
"2827",195355.367434799
"2828",189786.401950592
"2829",188809.806983073
"2830",178791.424878952
"2831",131153.981582342
"2832",177726.0713387
"2833",194666.740335528
"2834",197092.840408139
"2835",227935.836221256
"2836",142084.08062399
"2837",190779.990367034
"2838",107306.433740219
"2839",199278.831475432
"2840",195944.009699756
"2841",228755.634848617
"2842",195849.280458855
"2843",300329.620796528
"2844",214809.456530647
"2845",255058.767001041
"2846",233990.804824171
"2847",145020.914069442
"2848",193759.609729654
"2849",191110.186098315
"2850",188657.42155357
"2851",193668.055573863
"2852",130146.980851837
"2853",138901.675926818
"2854",125703.406416915
"2855",199803.171884331
"2856",118848.448965871
"2857",219808.663136759
"2858",145744.1146375
"2859",176030.558208358
"2860",93386.5247927247
"2861",152736.470025056
"2862",111631.343565077
"2863",139501.484726219
"2864",94650.3991871979
"2865",69694.5870349772
"2866",99479.0959976185
"2867",136924.83955023
"2868",138067.141063723
"2869",177261.734153119
"2870",131170.535736465
"2871",168544.240746725
"2872",137795.928454687
"2873",112510.631342923
"2874",154119.804802562
"2875",134992.602867445
"2876",188901.621615136
"2877",212323.132276119
"2878",167291.779943057
"2879",173827.231449391
"2880",116919.879055635
"2881",153874.659691681
"2882",81814.6686621046
"2883",91905.4169773437
"2884",140858.582539768
"2885",71760.3825223536
"2886",107686.580813624
"2887",73329.9393856297
"2888",264979.172356124
"2889",260217.616399455
"2890",190114.968667234
"2891",160263.618228865
"2892",202527.563413637
"2893",163438.542798086
"2894",195681.774022696
"2895",174409.802026545
"2896",295919.700612271
"2897",322381.36468968
"2898",77750.8953380842
"2899",254754.983324493
"2900",121497.348864661
"2901",116649.42715054
"2902",159522.712049366
"2903",86850.2006942163
"2904",101242.945870017
"2905",130811.055876977
"2906",101880.805825375
"2907",90404.4626152379
"2908",90187.3088242206
"2909",101548.043504197
"2910",154087.655992543
"2911",105593.417748359
"2912",239379.47578581
