"","X203513.12"
"1",176578.55
"2",210974.17
"3",148390.6
"4",267985.4
"5",145807.3
"6",287195.16
"7",206785.84
"8",126641.516
"9",119685.57
"10",126183.76
"11",358400.34
"12",132561.61
"13",225221.34
"14",154979.64
"15",132447.88
"16",147693.42
"17",97899.4
"18",147881.44
"19",129395.125
"20",332682.47
"21",134178.08
"22",232102.69
"23",132243.53
"24",154621.34
"25",252696.66
"26",134296.11
"27",296786.28
"28",198288.62
"29",67930.49
"30",44153.066
"31",136689.27
"32",184177.39
"33",179555.4
"34",276699.03
"35",309475.16
"36",149125.17
"37",154575.34
"38",119846.85
"39",82099.91
"40",148948.5
"41",167479.25
"42",144336.48
"43",128312.14
"44",140994.53
"45",277721.88
"46",248115.75
"47",245944.36
"48",104111.12
"49",130246.67
"50",173589.28
"51",117810.34
"52",108116.39
"53",379302.6
"54",126786.05
"55",170130.64
"56",185831.81
"57",194519.77
"58",441409.38
"59",123567.53
"60",163365.86
"61",101130.18
"62",214351.53
"63",137102.61
"64",235575.28
"65",310937.16
"66",195654.11
"67",213012.27
"68",81571.07
"69",238294
"70",244765.3
"71",130118.55
"72",191905.48
"73",141668.45
"74",106223.18
"75",92646.99
"76",124524.695
"77",122519.54
"78",128549.02
"79",113767.19
"80",200810.53
"81",160689.6
"82",241873.53
"83",124032.24
"84",175426.1
"85",262177.75
"86",181849.11
"87",169317.92
"88",81541.91
"89",121724.89
"90",107578.68
"91",107272.46
"92",150949.95
"93",139090.45
"94",200468.8
"95",183366.64
"96",223395.78
"97",122170.555
"98",82660.23
"99",126214.45
"100",210262.11
"101",172869.66
"102",118121.75
"103",194771.66
"104",151683.19
"105",245504.97
"106",96087.91
"107",106467.5
"108",115815.29
"109",193870.83
"110",140988.75
"111",176237.53
"112",387572.78
"113",218432.34
"114",253818.31
"115",170980.5
"116",119320.08
"117",152394.25
"118",317646.75
"119",167434.53
"120",175995.67
"121",100338.766
"122",139766.34
"123",154779.36
"124",172165.31
"125",84463.586
"126",128813.85
"127",89717.84
"128",153280.3
"129",137663.11
"130",213265.53
"131",210496.66
"132",150004.67
"133",213961.03
"134",177704
"135",182508.62
"136",144141.7
"137",172688.73
"138",244296.55
"139",210576.38
"140",108413.86
"141",252084.8
"142",147214.17
"143",211582.67
"144",128338.695
"145",129349.72
"146",103690.19
"147",217593.83
"148",148521.4
"149",115329.55
"150",132648.98
"151",358586.66
"152",182849.22
"153",225181.4
"154",101046.98
"155",83837.29
"156",111530.43
"157",273315.8
"158",237587.61
"159",309945.38
"160",159651.19
"161",417557.4
"162",233577.56
"163",93489.3
"164",146714.94
"165",127579.9
"166",190504.5
"167",359424.47
"168",199562.92
"169",235281.61
"170",129432.4
"171",208553.03
"172",226725.36
"173",157299.88
"174",190800.88
"175",226412.48
"176",216936.8
"177",168943.23
"178",494010.66
"179",104028.836
"180",175286.45
"181",185744.64
"182",120982.47
"183",200740.45
"184",125552.36
"185",305615.7
"186",181080.05
"187",130488.984
"188",143464.78
"189",262920.66
"190",317855.53
"191",183226.62
"192",200666.38
"193",138435.27
"194",123492.13
"195",150903.03
"196",323042.12
"197",233902.12
"198",108087.94
"199",285031.9
"200",140145.94
"201",166728.66
"202",113224.69
"203",144610.95
"204",110141.52
"205",185692.22
"206",135724.9
"207",139974.83
"208",263599.53
"209",147988.8
"210",86242.84
"211",176333.53
"212",254925.97
"213",155537.27
"214",155521.25
"215",134544.94
"216",204801.27
"217",103863.29
"218",234956.03
"219",166660.12
"220",212384.66
"221",201803.08
"222",175332.94
"223",109647.89
"224",400303.03
"225",101181.5
"226",274961.56
"227",101303.836
"228",121152.08
"229",193861.95
"230",138991.92
"231",399699.16
"232",97772.13
"233",131822.08
"234",209780.22
"235",87589.21
"236",185252.14
"237",205342.8
"238",296322.75
"239",116886.055
"240",266697.38
"241",103545.914
"242",83768.48
"243",125536.32
"244",232286.03
"245",233580.45
"246",133527.94
"247",141545.16
"248",188302.28
"249",248412.42
"250",79415.555
"251",252243.28
"252",172529.22
"253",164523.48
"254",147101.77
"255",222696.16
"256",198112.66
"257",221666.17
"258",221983.28
"259",100617.04
"260",167503.53
"261",352301.16
"262",157470.84
"263",122670.59
"264",75723.4
"265",178166.58
"266",180139.08
"267",182624.06
"268",114907.97
"269",151359.06
"270",265989.97
"271",233912.83
"272",294589.3
"273",148008
"274",129089.2
"275",173769.33
"276",201817.7
"277",126985.11
"278",404629.03
"279",209240.53
"280",219073.22
"281",191927.81
"282",211730.23
"283",249910.38
"284",181572.53
"285",165052.62
"286",168273.98
"287",95195.586
"288",118237.5
"289",150097.69
"290",241133.3
"291",131154.72
"292",135648.3
"293",236998.55
"294",172064.05
"295",148737.86
"296",142358.62
"297",233754.5
"298",173450.28
"299",154653.64
"300",154682.11
"301",278941.28
"302",228700.03
"303",135423.9
"304",295276.16
"305",306025.75
"306",232226.67
"307",98800.38
"308",108341.61
"309",372904.25
"310",183006.75
"311",134823.02
"312",126343.67
"313",363031.28
"314",164850.95
"315",189854.66
"316",256906.52
"317",270406.84
"318",302766.34
"319",198053.14
"320",349872
"321",348664.22
"322",288135.03
"323",123584.98
"324",244022.25
"325",87367.71
"326",319271.25
"327",146435.92
"328",196770.48
"329",81033.125
"330",128313.37
"331",133429.03
"332",310321.28
"333",198119.45
"334",192030.16
"335",230364.97
"336",375486.84
"337",213131.14
"338",205607.34
"339",152466.2
"340",210498.47
"341",81935.49
"342",88731.55
"343",270799.88
"344",85502.19
"345",145513.64
"346",143083.55
"347",164541.38
"348",182238.34
"349",455654.97
"350",309946.56
"351",205575.19
"352",89553.2
"353",103375.016
"354",149601.38
"355",170553.17
"356",161764.52
"357",138604.62
"358",128264.055
"359",278390.62
"360",151098.16
"361",148808.66
"362",198166.12
"363",112455.79
"364",182885.33
"365",139708.9
"366",161658.58
"367",157636.12
"368",140113.73
"369",166697.48
"370",177614.2
"371",125098.305
"372",124519.83
"373",122720.555
"374",205544.22
"375",64693.02
"376",142482.23
"377",323532.97
"378",399598.9
"379",180007.88
"380",135610.92
"381",207626.86
"382",207307.72
"383",76789.81
"384",260628.66
"385",182844.69
"386",81419.75
"387",133631.25
"388",195196.75
"389",425607.47
"390",119856.336
"391",218683.92
"392",105780.695
"393",93868.72
"394",112144.13
"395",130686.26
"396",126784.72
"397",160891.7
"398",71659.99
"399",218640.55
"400",238974.02
"401",178686.25
"402",105097.625
"403",245398.47
"404",166180.98
"405",150939.16
"406",122687.555
"407",174516.84
"408",280028.75
"409",336962.16
"410",63681.652
"411",141873.42
"412",235580.23
"413",110044.4
"414",240740.16
"415",186650.44
"416",153414.11
"417",241095.12
"418",114316.75
"419",140452.08
"420",201222.7
"421",212156.11
"422",118135.38
"423",319775.6
"424",140206.1
"425",134508.36
"426",269858.12
"427",112660.5
"428",196542.61
"429",176565.58
"430",91386.414
"431",89547.99
"432",121694.13
"433",177768.92
"434",83054.62
"435",208137.56
"436",108413.66
"437",117080.41
"438",91144.445
"439",120071.42
"440",538195.56
"441",113752.54
"442",153451.88
"443",187169.33
"444",219838.17
"445",144489.1
"446",195769.64
"447",202994.8
"448",119191.79
"449",119651.68
"450",95537.01
"451",256393.25
"452",205274.47
"453",217837.8
"454",171845.11
"455",171124.72
"456",95062.41
"457",200112.94
"458",160810.1
"459",108650.37
"460",258611.77
"461",148747.78
"462",73563.95
"463",188431.27
"464",119083.625
"465",172818.88
"466",167026.25
"467",154826.45
"468",247413.27
"469",179415.05
"470",212825.66
"471",190817.06
"472",139236.97
"473",418393.7
"474",245046.73
"475",134677.03
"476",211076
"477",391073.62
"478",315261.66
"479",97769.7
"480",339662.3
"481",359037.34
"482",154702.03
"483",158031.69
"484",136203.5
"485",146173.33
"486",143928.8
"487",177091.39
"488",144598.12
"489",90956.97
"490",110403.17
"491",153004.7
"492",168598.62
"493",147605.7
"494",91580.01
"495",35632.957
"496",423971.62
"497",176257.88
"498",130756.07
"499",126130.22
"500",110338.65
"501",214009.39
"502",142598.6
"503",289429.72
"504",146051.12
"505",124611.66
"506",224355.9
"507",191507.83
"508",154108.89
"509",138620.88
"510",156705.6
"511",197524.23
"512",122565.695
"513",140586.22
"514",96827.13
"515",405146.84
"516",162279.06
"517",269566.44
"518",194343.98
"519",229762.48
"520",101760.58
"521",150689.05
"522",157564.58
"523",297229.56
"524",185103.61
"525",132032.08
"526",456793.6
"527",86391.1
"528",203147.22
"529",177438.12
"530",126425.76
"531",103772.89
"532",40898.09
"533",186464.69
"534",120909.11
"535",197467.92
"536",116692.7
"537",146741.8
"538",252740.05
"539",336815.3
"540",241710.28
"541",211333.62
"542",139076.27
"543",206049.98
"544",239376.14
"545",197887
"546",126492.086
"547",124838.016
"548",235089.39
"549",137477.6
"550",115903.46
"551",260204.47
"552",108874.2
"553",273401.3
"554",113169.63
"555",142457.9
"556",91192.09
"557",191381.48
"558",205284.27
"559",139388.03
"560",166037.14
"561",107693.55
"562",176612.56
"563",265369.2
"564",125560.15
"565",319868.9
"566",198289.77
"567",300116.66
"568",139605.14
"569",139657.22
"570",121803.86
"571",225176.03
"572",170378.73
"573",133706.08
"574",117546.49
"575",150807.8
"576",153411.34
"577",156935.62
"578",132619.77
"579",175696.66
"580",278442.4
"581",119531.695
"582",250567.36
"583",138355.02
"584",370849.06
"585",126741.32
"586",132417.56
"587",163708.52
"588",89952.94
"589",193111.3
"590",443001.78
"591",139259.02
"592",140946.4
"593",114727.625
"594",333842.53
"595",114732.33
"596",178582.67
"597",203460.55
"598",143191.39
"599",259962.62
"600",127544.625
"601",219559.1
"602",153358.1
"603",220850.62
"604",204130.88
"605",153922.64
"606",203292.58
"607",352590.22
"608",117272.39
"609",326615.12
"610",151224.6
"611",262828.4
"612",136144.03
"613",78032.2
"614",138802.77
"615",180101.97
"616",120501.95
"617",312218.75
"618",316245.44
"619",65552.26
"620",242519.81
"621",132790.38
"622",173639.45
"623",160689.9
"624",144339.8
"625",131537.27
"626",156578.92
"627",175079.3
"628",164796.88
"629",120103.945
"630",218110.11
"631",107081.32
"632",143978.48
"633",141255.5
"634",198150.62
"635",56633.094
"636",98539.914
"637",88475.09
"638",267261.34
"639",275420.06
"640",232662.05
"641",344099.38
"642",139419.14
"643",361079.4
"644",134940.72
"645",101717.016
"646",146080.94
"647",160445.05
"648",80359.97
"649",208487.4
"650",111256.875
"651",197017.78
"652",135502.84
"653",357811.22
"654",92027.92
"655",142908.17
"656",160918.4
"657",109496.055
"658",163001.23
"659",199045.73
"660",395814.44
"661",111974.86
"662",135986.36
"663",421106.94
"664",232358.7
"665",134191.77
"666",201693.03
"667",162880.97
"668",112609.48
"669",173511.33
"670",106244.35
"671",167220.86
"672",258831.11
"673",150324.03
"674",138937.45
"675",92209.164
"676",107117.99
"677",362918.78
"678",130194.38
"679",118509.23
"680",140421.8
"681",177373.83
"682",268076.66
"683",205921.12
"684",223883.34
"685",229813.33
"686",150383.97
"687",334188.47
"688",186289.8
"689",148639.44
"690",721977.7
"691",325120.94
"692",103749.54
"693",133472.94
"694",173461.53
"695",90673.93
"696",123758.12
"697",134009.9
"698",191210.19
"699",313506.22
"700",143637.55
"701",362199.6
"702",139817.67
"703",209282.64
"704",65288.03
"705",298858.53
"706",224172.83
"707",184492.25
"708",109817.42
"709",55659.594
"710",93285.875
"711",190890.97
"712",125461.16
"713",151531.8
"714",143648.78
"715",169731.31
"716",157087.16
"717",329265.03
"718",131223.78
"719",271540.78
"720",142362.84
"721",119839.65
"722",131490.36
"723",345054.66
"724",116688.586
"725",225200.52
"726",197881.9
"727",121834.76
"728",99435.8
"729",262038.53
"730",188030.95
"731",223954.02
"732",132206.45
"733",117504.016
"734",167264.08
"735",86376.27
"736",237045.11
"737",163682.75
"738",194708.52
"739",125534.52
"740",139254.23
"741",181788.25
"742",165695.78
"743",194981.86
"744",301962.7
"745",237047.81
"746",262578.12
"747",253616.5
"748",83026.19
"749",94289.516
"750",162007.22
"751",209446.77
"752",271129.62
"753",152163.92
"754",168717.81
"755",217224.77
"756",153997.23
"757",176859.66
"758",300529.97
"759",125920.016
"760",102050.09
"761",209649.4
"762",323734.53
"763",266931.22
"764",268060.8
"765",200449.1
"766",166251.2
"767",221795.16
"768",544394.25
"769",131295.14
"770",112524.234
"771",120477.48
"772",117756.984
"773",344094.47
"774",158871.58
"775",222511.25
"776",140049.08
"777",137437.22
"778",140736.73
"779",173665.78
"780",178266.69
"781",191185.56
"782",156298.89
"783",132012.44
"784",164891.52
"785",131295.52
"786",223471
"787",109181.36
"788",202476.25
"789",162190.25
"790",146742.64
"791",251261.08
"792",224871.52
"793",195954.75
"794",164766.39
"795",140413.77
"796",107671.88
"797",530920.4
"798",161203.64
"799",203543.02
"800",113077.18
"801",188945.73
"802",501673.94
"803",113931.68
"804",218522.36
"805",131966.86
"806",221530.7
"807",136042.14
"808",110317.39
"809",180066.77
"810",150189.77
"811",78612.13
"812",153497.53
"813",118188.91
"814",209362.1
"815",140201.28
"816",265954.97
"817",151259.2
"818",227412.05
"819",191486.64
"820",92399.484
"821",206615.72
"822",145564.44
"823",232455.56
"824",399657.22
"825",102802.54
"826",190551.39
"827",186561.1
"828",150606.58
"829",166610.39
"830",150477.5
"831",227020.9
"832",165219.4
"833",136320.33
"834",130167.32
"835",131800.34
"836",95848.12
"837",144578.12
"838",128284.85
"839",127411.74
"840",151761.03
"841",168538.5
"842",110728.36
"843",147359
"844",170674.72
"845",208509.47
"846",130837.02
"847",236633.8
"848",175641.38
"849",139337
"850",196916.16
"851",171640.88
"852",169932.64
"853",181020.81
"854",140818.22
"855",146915.72
"856",163666.83
"857",145685.4
"858",245658.84
"859",181198.2
"860",130411.36
"861",140450.47
"862",138768.36
"863",223904.27
"864",137762
"865",251885.34
"866",132163.34
"867",168442.1
"868",225814.52
"869",103619.9
"870",185749.6
"871",119515.97
"872",133173.75
"873",95336.86
"874",320467.38
"875",135543.3
"876",341970.66
"877",152658.11
"878",134978.69
"879",158696.97
"880",204761.81
"881",172099.33
"882",120663.52
"883",115593.055
"884",299698.22
"885",151760.6
"886",141046.17
"887",278550.25
"888",154527.16
"889",122495.94
"890",169602.52
"891",149414.16
"892",160974.89
"893",117973.93
"894",161693.58
"895",101559.79
"896",140535.14
"897",580721.3
"898",133658.02
"899",115126.805
"900",150395.73
"901",179640.7
"902",245679.94
"903",123575.9
"904",127727.21
"905",254888.05
"906",243801.73
"907",130619.47
"908",180397.64
"909",163793
"910",146890.78
"911",97466.4
"912",148006.16
"913",170603.44
"914",88684.43
"915",36312.562
"916",132414.16
"917",274854.06
"918",171339.3
"919",196662.05
"920",152910.77
"921",170995.52
"922",196418.38
"923",208363.77
"924",158014.22
"925",287845
"926",186642.95
"927",245017.28
"928",224891.89
"929",216907.83
"930",119964.18
"931",306868.88
"932",194638.89
"933",237349.12
"934",83033.47
"935",186357.14
"936",235742.95
"937",250247.84
"938",243243.89
"939",163934.73
"940",220278.69
"941",143489.81
"942",138600.12
"943",146176.81
"944",128003.66
"945",144705.86
"946",277888.78
"947",204682.34
"948",179292.06
"949",133845.53
"950",118693.37
"951",127378.33
"952",169966.19
"953",126577.52
"954",154254.17
"955",125472.05
"956",127745.234
"957",197616.38
"958",165115.44
"959",120263.84
"960",256330.66
"961",157723.48
"962",247562.44
"963",214253.42
"964",173698.08
"965",138247.52
"966",137542.77
"967",71932.914
"968",134898.52
"969",80284.29
"970",181014.25
"971",114874.88
"972",197604.12
"973",170906.98
"974",168165.22
"975",85038.09
"976",201653.8
"977",111348.91
"978",135319.08
"979",179454.75
"980",318244.06
"981",164900.64
"982",246185.12
"983",125486.52
"984",127271.234
"985",118786.11
"986",396975.78
"987",189810.48
"988",195260.61
"989",299845.16
"990",168778.17
"991",191476.78
"992",172809
"993",335486.53
"994",119281.28
"995",139024.94
"996",168513.28
"997",89059.73
"998",195727.45
"999",76543.49
"1000",85484.74
"1001",241368.67
"1002",144807.47
"1003",187703.8
"1004",141926.2
"1005",167181
"1006",87841.92
"1007",228487.47
"1008",107824.27
"1009",123566.71
"1010",100234.9
"1011",163736.16
"1012",88035.99
"1013",117676.38
"1014",218146.52
"1015",216717.81
"1016",191293.53
"1017",166179.23
"1018",201105.48
"1019",163166.56
"1020",199784
"1021",95040.28
"1022",190577.38
"1023",285935.8
"1024",118924.625
"1025",149363.02
"1026",314625.22
"1027",122109.164
"1028",116375.08
"1029",147586.97
"1030",199849.17
"1031",317080.75
"1032",237459.84
"1033",113898.87
"1034",83684.24
"1035",320313.06
"1036",271204.34
"1037",99558.67
"1038",80716.2
"1039",151535.7
"1040",170391.89
"1041",190011.34
"1042",260907.92
"1043",285062.38
"1044",136004.78
"1045",534917.1
"1046",143524.84
"1047",122095.08
"1048",92357.81
"1049",179159.77
"1050",197298.88
"1051",169369.28
"1052",148111.36
"1053",257823.73
"1054",170058.28
"1055",207348.45
"1056",235079.31
"1057",349107.4
"1058",193602.92
"1059",205966.89
"1060",90741.49
"1061",98334.04
"1062",115853.4
"1063",152053.67
"1064",311090.5
"1065",173515.47
"1066",181380.95
"1067",154848.02
"1068",130369.33
"1069",131110.2
"1070",156255.06
"1071",94135.24
"1072",154996.8
"1073",192008.36
"1074",209097.52
"1075",163195.2
"1076",135086.08
"1077",144234.66
"1078",135838.61
"1079",155882.38
"1080",130681.52
"1081",193878.6
"1082",154235.64
"1083",189650.7
"1084",152606.58
"1085",90026.055
"1086",252144.44
"1087",137710.9
"1088",204401.06
"1089",90780.53
"1090",156529.95
"1091",153272.12
"1092",149013.86
"1093",131022.83
"1094",170966.64
"1095",119773.73
"1096",166463.8
"1097",118232.65
"1098",154416.52
"1099",57733.8
"1100",118960.24
"1101",134603.84
"1102",156076.94
"1103",109249.375
"1104",338524.66
"1105",190569.92
"1106",270454.8
"1107",172230.52
"1108",313220.22
"1109",185465.5
"1110",198246.28
"1111",126172.81
"1112",131962.2
"1113",118792.68
"1114",306829.7
"1115",187573
"1116",133087.55
"1117",137870.44
"1118",126050.13
"1119",115291.61
"1120",219284.77
"1121",97422.164
"1122",110080.72
"1123",168975.45
"1124",110187.64
"1125",198406.47
"1126",243842.2
"1127",210243.06
"1128",131157.6
"1129",136187.4
"1130",98431.805
"1131",121335.35
"1132",231167.81
"1133",173606.5
"1134",100841.06
"1135",122095.77
"1136",93615.45
"1137",206504.42
"1138",120521.836
"1139",131213.27
"1140",191394.62
"1141",429639.5
"1142",87263.7
"1143",88637.414
"1144",145589.28
"1145",168665.2
"1146",184259.97
"1147",116473.336
"1148",146325.64
"1149",124878.86
"1150",151056.23
"1151",203243.72
"1152",113281.72
"1153",213295.44
"1154",202295.02
"1155",180501.06
"1156",217596.73
"1157",238121.12
"1158",182605.95
"1159",141843.39
"1160",219713.27
"1161",128288.52
"1162",116596.15
"1163",194646.14
"1164",221158.97
"1165",246265.9
"1166",186396.6
"1167",195561.39
"1168",614784.75
"1169",161364.69
"1170",166960.33
"1171",164087.4
"1172",203797.47
"1173",231384.84
"1174",314327.1
"1175",126060.12
"1176",113950.695
"1177",127115.97
"1178",93413.36
"1179",231300.12
"1180",355707.9
"1181",723874.3
"1182",129979.39
"1183",194683.27
"1184",112044.18
"1185",110432.97
"1186",281733.75
"1187",190487.06
"1188",196470.47
"1189",173035.58
"1190",173126.7
"1191",126587.18
"1192",163158.16
"1193",155433.02
"1194",161774.23
"1195",227357.39
"1196",147036.12
"1197",175501.9
"1198",143671.52
"1199",109197.6
"1200",198034.83
"1201",127196.73
"1202",207468.7
"1203",147786.4
"1204",276482.47
"1205",112723.586
"1206",204013.9
"1207",140316.58
"1208",289320.16
"1209",194642.42
"1210",184138.75
"1211",101987.05
"1212",127741.22
"1213",127521.516
"1214",116146.445
"1215",117113.016
"1216",241593.67
"1217",79773.16
"1218",93779.24
"1219",112403.47
"1220",125431.125
"1221",149788.67
"1222",133994.56
"1223",197516.52
"1224",136424.38
"1225",213567.78
"1226",144500.25
"1227",371942.78
"1228",135421.06
"1229",192270.22
"1230",140971.4
"1231",98291.664
"1232",140300.66
"1233",115853.4
"1234",142276.8
"1235",173169.3
"1236",202632.34
"1237",134917.42
"1238",243640.44
"1239",205880.67
"1240",241959.36
"1241",170431.55
"1242",458980.03
"1243",221131.14
"1244",187045.14
"1245",190395.34
"1246",154784.08
"1247",134947.8
"1248",122299.25
"1249",253916.36
"1250",177425.44
"1251",122559.38
"1252",278549.97
"1253",183505.38
"1254",125229.61
"1255",310631.28
"1256",81520.21
"1257",186840.11
"1258",153108.78
"1259",182591.84
"1260",125937.19
"1261",148033.12
"1262",179554.55
"1263",160911.8
"1264",176902.17
"1265",123206.75
"1266",369471.94
"1267",355190.28
"1268",141286.89
"1269",255114.94
"1270",179295.48
"1271",130714.43
"1272",177024.19
"1273",129565.28
"1274",138660.02
"1275",163979.45
"1276",193396.61
"1277",255776.83
"1278",70763.945
"1279",209055.44
"1280",187723.67
"1281",152400.78
"1282",137106.66
"1283",173586.31
"1284",127261.28
"1285",152377.53
"1286",186148.25
"1287",253346.97
"1288",274048.97
"1289",167165.05
"1290",116560.34
"1291",105503.74
"1292",184936.52
"1293",121011.2
"1294",134125.61
"1295",149930.02
"1296",139656.42
"1297",159418.72
"1298",223035.38
"1299",176092.38
"1300",307845.28
"1301",222433.39
"1302",143472.58
"1303",337443.22
"1304",197002.56
"1305",145076.73
"1306",142627.84
"1307",172836.03
"1308",324630.16
"1309",202884.69
"1310",305043.22
"1311",332411
"1312",119282.305
"1313",191871.62
"1314",278838.62
"1315",205521.67
"1316",274073.78
"1317",111120.41
"1318",162705.38
"1319",73741.03
"1320",216763.69
"1321",80063.92
"1322",173175.9
"1323",67357.31
"1324",79689.97
"1325",133541.69
"1326",248290.92
"1327",184372.64
"1328",240885.3
"1329",134162.2
"1330",113003.87
"1331",127067.73
"1332",120652.7
"1333",157696.11
"1334",136243.12
"1335",71387.69
"1336",213670.45
"1337",124478.75
"1338",114943.26
"1339",155516.2
"1340",244120.25
"1341",171866.75
"1342",174595.42
"1343",98809.055
"1344",259560.06
"1345",280183.44
"1346",228642.45
"1347",123522.29
"1348",187339.52
"1349",169386.23
"1350",131920.19
"1351",400310.66
"1352",239519.78
"1353",191337.33
"1354",112848.9
"1355",151711.83
"1356",169800.45
"1357",352459.44
"1358",193974.58
"1359",257375.16
"1360",123019.48
"1361",163747.23
"1362",146708.08
"1363",207707.06
"1364",197498.81
"1365",132641.14
"1366",141243.78
"1367",242118.62
"1368",111270.57
"1369",172280.28
"1370",257656.11
"1371",472089.12
"1372",247471.56
"1373",257358.7
"1374",90147.71
"1375",121893.45
"1376",90050.79
"1377",156115.66
"1378",61058.363
"1379",231102.12
"1380",153282.34
"1381",121171.61
"1382",108076.7
"1383",109195.516
"1384",270536.06
"1385",159726.58
"1386",368511.62
"1387",130468.95
"1388",226045.5
"1389",121815.94
"1390",128468.74
"1391",136369.88
"1392",235553.27
"1393",273581
"1394",156380.14
"1395",136179.61
"1396",136159.88
"1397",144149.69
"1398",118865.32
"1399",186144.88
"1400",190118.1
"1401",272519.34
"1402",105464
"1403",280817.7
"1404",130510.02
"1405",114587.22
"1406",121749.51
"1407",214904.39
"1408",219536.27
"1409",143427.7
"1410",93272.086
"1411",253914.9
"1412",202120.69
"1413",211799.7
"1414",124595.02
"1415",325604.06
"1416",127686.04
"1417",224413.69
"1418",170822.08
"1419",136784.08
"1420",141454.73
"1421",256060.19
"1422",143975.47
"1423",141191.25
"1424",258899.98
"1425",142685.8
"1426",113004.84
"1427",189224.89
"1428",186647.94
"1429",137852.55
"1430",75450.984
"1431",187952.44
"1432",162925.08
"1433",163930.52
"1434",119910.19
"1435",388633.9
"1436",151146.02
"1437",190800.88
"1438",225456.88
"1439",147480.89
"1440",320435.6
"1441",114663.414
"1442",186091.62
"1443",116245.85
"1444",152620.27
"1445",261577.38
"1446",108077.836
"1447",89400.88
"1448",134443.98
"1449",271411.6
"1450",136910.8
"1451",97005.15
"1452",183222.42
"1453",168963.05
"1454",205200.48
"1455",261524.48
"1456",145541.95
"1457",151092.55
"1458",12.223491
"1459",176579.592020226
"1460",210975.227425652
"1461",148391.599356013
"1462",267986.530794358
"1463",145808.296466472
"1464",287196.233064642
"1465",206786.884825623
"1466",126642.571507676
"1467",119686.607331213
"1468",126184.701816248
"1469",358401.447909209
"1470",132562.564782377
"1471",225222.256433949
"1472",154980.719834497
"1473",132448.874881735
"1474",147694.46600335
"1475",97900.4083888808
"1476",147882.452898425
"1477",129396.161917188
"1478",332683.544397382
"1479",134179.133050138
"1480",232103.576163417
"1481",132244.531612517
"1482",154622.354436076
"1483",252697.651574725
"1484",134297.12835943
"1485",296787.30011799
"1486",198289.626304436
"1487",67931.4916107256
"1488",44154.0528896951
"1489",136690.291540029
"1490",184178.375673027
"1491",179556.463978435
"1492",276699.954130057
"1493",309476.054568803
"1494",149126.169234026
"1495",154576.283839313
"1496",119847.813972412
"1497",82100.8788490372
"1498",148949.559385486
"1499",167480.298092377
"1500",144337.487549432
"1501",128313.144930875
"1502",140995.464193154
"1503",277722.863067116
"1504",248116.82927318
"1505",245945.439582414
"1506",104112.153905264
"1507",130247.660781072
"1508",173590.264575214
"1509",117811.362334423
"1510",108117.405108931
"1511",379303.517008423
"1512",126787.026362818
"1513",170131.679246478
"1514",185832.869930935
"1515",194520.72662737
"1516",441410.252603043
"1517",123568.507765551
"1518",163366.921154634
"1519",101131.20376805
"1520",214352.471035444
"1521",137103.58307986
"1522",235576.269028285
"1523",310938.057718196
"1524",195655.159820554
"1525",213013.324697458
"1526",81572.0534449936
"1527",238295.07603728
"1528",244766.261634075
"1529",130119.560118726
"1530",191906.393831522
"1531",141669.477469105
"1532",106224.175167882
"1533",92648.0329026261
"1534",124525.650278535
"1535",122520.543874016
"1536",128549.972658185
"1537",113768.163137453
"1538",200811.512836649
"1539",160690.591013154
"1540",241874.433344093
"1541",124033.255729843
"1542",175427.126142748
"1543",262178.801905211
"1544",181850.099942035
"1545",169318.86646822
"1546",81542.9374194336
"1547",121725.890902339
"1548",107579.673406202
"1549",107273.507830176
"1550",150950.91549415
"1551",139091.462594512
"1552",200469.821862733
"1553",183367.570630725
"1554",223396.835423523
"1555",122171.552008901
"1556",82661.2326296778
"1557",126215.494640063
"1558",210263.124669781
"1559",172870.666256641
"1560",118122.795241543
"1561",194772.599374148
"1562",151684.19894141
"1563",245506.082039135
"1564",96088.8919665281
"1565",106468.452543404
"1566",115816.231188206
"1567",193871.820383239
"1568",140989.683497627
"1569",176238.593350244
"1570",387573.582472392
"1571",218433.30354788
"1572",253819.33160039
"1573",170981.5611263
"1574",119321.045411405
"1575",152395.287524295
"1576",317647.640919195
"1577",167435.586822007
"1578",175996.60780512
"1579",100339.729279208
"1580",139767.275423003
"1581",154780.304479731
"1582",172166.274321021
"1583",84464.6176821357
"1584",128814.800916723
"1585",89718.8346673126
"1586",153281.288599002
"1587",137664.108392904
"1588",213266.534904281
"1589",210497.698804566
"1590",150005.614143301
"1591",213962.062446296
"1592",177704.973156423
"1593",182509.590261118
"1594",144142.691338244
"1595",172689.765387201
"1596",244297.494167695
"1597",210577.281974985
"1598",108414.811922003
"1599",252085.854265213
"1600",147215.238155912
"1601",211583.711877664
"1602",128339.708501111
"1603",129350.751834291
"1604",103691.144997721
"1605",217594.822495047
"1606",148522.389959847
"1607",115330.592426361
"1608",132649.952303594
"1609",358587.506538712
"1610",182850.288249076
"1611",225182.395622347
"1612",101048.007027504
"1613",83838.2813349358
"1614",111531.461946095
"1615",273316.843474324
"1616",237588.627198769
"1617",309946.505913031
"1618",159652.203481688
"1619",417558.527885531
"1620",233578.61958539
"1621",93490.303124487
"1622",146715.996434048
"1623",127580.906102411
"1624",190505.434366447
"1625",359425.42725206
"1626",199563.946941705
"1627",235282.688506306
"1628",129433.433378654
"1629",208553.941710437
"1630",226726.335796043
"1631",157300.929795754
"1632",190801.900759769
"1633",226413.44282863
"1634",216937.80965591
"1635",168944.240230717
"1636",494011.462824981
"1637",104029.833753437
"1638",175287.454068562
"1639",185745.641876891
"1640",120983.445358523
"1641",200741.441846768
"1642",125553.344120797
"1643",305616.705691105
"1644",181081.049986389
"1645",130490.016382199
"1646",143465.80598953
"1647",262921.555865908
"1648",317856.403990438
"1649",183227.622922384
"1650",200667.381919623
"1651",138436.22095117
"1652",123493.153961061
"1653",150903.977058736
"1654",323043.090361868
"1655",233903.051813255
"1656",108088.973970246
"1657",285032.931015926
"1658",140146.978876063
"1659",166729.663780206
"1660",113225.648959505
"1661",144611.917164044
"1662",110142.471259118
"1663",185693.176144194
"1664",135725.942101216
"1665",139975.823864887
"1666",263600.50568796
"1667",147989.854541308
"1668",86243.84758487
"1669",176334.493227428
"1670",254926.870332335
"1671",155538.256056577
"1672",155522.236441228
"1673",134545.942550517
"1674",204802.2175562
"1675",103864.246153808
"1676",234957.047541147
"1677",166661.151968535
"1678",212385.64896732
"1679",201804.15976612
"1680",175333.999066193
"1681",109648.930495998
"1682",400304.185166118
"1683",101182.490288395
"1684",274962.498978795
"1685",101304.792592382
"1686",121153.061954151
"1687",193862.99941609
"1688",138992.88169859
"1689",399700.181983685
"1690",97773.1227748124
"1691",131823.080062127
"1692",209781.12410587
"1693",87590.2088886357
"1694",185253.048655004
"1695",205343.815077494
"1696",296323.783900193
"1697",116887.007583958
"1698",266698.477101981
"1699",103546.907336587
"1700",83769.4783534484
"1701",125537.274321239
"1702",232287.010435584
"1703",233581.422545643
"1704",133528.938350186
"1705",141546.137076767
"1706",188303.254860431
"1707",248413.506113268
"1708",79416.5449330544
"1709",252244.213901412
"1710",172530.273740471
"1711",164524.537138467
"1712",147102.808667494
"1713",222697.137600632
"1714",198113.623273189
"1715",221667.103135439
"1716",221984.313844525
"1717",100618.055633348
"1718",167504.584496322
"1719",352301.985452372
"1720",157471.851399144
"1721",122671.582204576
"1722",75724.4217740256
"1723",178167.607250335
"1724",180140.071094475
"1725",182625.064091707
"1726",114908.966705005
"1727",151360.093194544
"1728",265991.06580486
"1729",233913.811601112
"1730",294590.342283363
"1731",148008.946463947
"1732",129090.243399327
"1733",173770.371048645
"1734",201818.690188713
"1735",126986.111348511
"1736",404629.859078326
"1737",209241.632604703
"1738",219074.251657717
"1739",191928.848193155
"1740",211731.237131422
"1741",249911.466468978
"1742",181573.53460953
"1743",165053.674502617
"1744",168275.029468503
"1745",95196.5518442436
"1746",118238.494083427
"1747",150098.646461108
"1748",241134.22315748
"1749",131155.772655598
"1750",135649.278603406
"1751",236999.544932644
"1752",172065.070308616
"1753",148738.796065043
"1754",142359.666931499
"1755",233755.505543305
"1756",173451.274446267
"1757",154654.673885418
"1758",154683.132963568
"1759",278942.236016358
"1760",228701.056593954
"1761",135424.964718257
"1762",295277.242775671
"1763",306026.812608668
"1764",232227.668685649
"1765",98801.3946967311
"1766",108342.631695947
"1767",372905.382415203
"1768",183007.790142094
"1769",134824.066986532
"1770",126344.679157694
"1771",363032.267325391
"1772",164851.937246178
"1773",189855.588191701
"1774",256907.403168798
"1775",270407.943616663
"1776",302767.359754193
"1777",198054.198100428
"1778",349873.171271917
"1779",348665.399286942
"1780",288136.037492697
"1781",123585.932153537
"1782",244023.302069423
"1783",87368.7110143741
"1784",319272.260835161
"1785",146436.914946725
"1786",196771.414199751
"1787",81034.1540725773
"1788",128314.363911542
"1789",133429.963341918
"1790",310322.388817225
"1791",198120.458311095
"1792",192031.173536523
"1793",230365.970635251
"1794",375487.702506408
"1795",213132.219301149
"1796",205608.262703044
"1797",152467.235078293
"1798",210499.382792892
"1799",81936.5134369745
"1800",88732.5439407063
"1801",270800.861139883
"1802",85503.1930635474
"1803",145514.643042904
"1804",143084.550964573
"1805",164542.30674802
"1806",182239.311374474
"1807",455655.809609042
"1808",309947.435753943
"1809",205576.190315774
"1810",89554.1724565747
"1811",103375.989063032
"1812",149602.342077765
"1813",170554.129432721
"1814",161765.494392335
"1815",138605.632023147
"1816",128265.036522417
"1817",278391.590375053
"1818",151099.222099791
"1819",148809.612584965
"1820",198167.121173364
"1821",112456.751994482
"1822",182886.313304213
"1823",139709.842876001
"1824",161659.572686653
"1825",157637.126042657
"1826",140114.748777525
"1827",166698.488248083
"1828",177615.254800771
"1829",125099.287375509
"1830",124520.793872874
"1831",122721.519700125
"1832",205545.15065459
"1833",64694.0167890317
"1834",142483.28876651
"1835",323533.842159413
"1836",399599.869827709
"1837",180008.796837927
"1838",135611.980180558
"1839",207627.938554944
"1840",207308.644916983
"1841",76790.7907625663
"1842",260629.724773964
"1843",182845.71704901
"1844",81420.7147032583
"1845",133632.262939633
"1846",195197.666795932
"1847",425608.41972401
"1848",119857.282323711
"1849",218684.865026122
"1850",105781.719508075
"1851",93869.7066256339
"1852",112145.117101093
"1853",130687.205146986
"1854",126785.758498893
"1855",160892.70608877
"1856",71661.0039020799
"1857",218641.569709225
"1858",238974.94672484
"1859",178687.18746428
"1860",105098.627732443
"1861",245399.555517457
"1862",166182.024546884
"1863",150940.198359613
"1864",122688.512051053
"1865",174517.796308417
"1866",280029.714574207
"1867",336963.198463846
"1868",63682.6223633903
"1869",141874.479714428
"1870",235581.21618188
"1871",110045.368428111
"1872",240741.25379314
"1873",186651.402802701
"1874",153415.161591008
"1875",241096.126959899
"1876",114317.735045577
"1877",140453.113455334
"1878",201223.699293463
"1879",212157.032755311
"1880",118136.380144113
"1881",319776.63006758
"1882",140207.11482824
"1883",134509.351030815
"1884",269859.032557742
"1885",112661.496985474
"1886",196543.684782888
"1887",176566.52561388
"1888",91387.4098369933
"1889",89548.9784651993
"1890",121695.098147389
"1891",177769.847310438
"1892",83055.6380371751
"1893",208138.499484217
"1894",108414.703507246
"1895",117081.435315252
"1896",91145.4626562
"1897",120072.379207649
"1898",538196.492414056
"1899",113753.487990975
"1900",153452.906363175
"1901",187170.266947109
"1902",219839.277163724
"1903",144490.060687596
"1904",195770.630425327
"1905",202995.887662797
"1906",119192.84420808
"1907",119652.680987321
"1908",95537.9662670208
"1909",256394.358229125
"1910",205275.446970995
"1911",217838.883061453
"1912",171846.17083319
"1913",171125.759353343
"1914",95063.3699207611
"1915",200113.90331657
"1916",160811.154161944
"1917",108651.414014572
"1918",258612.737573965
"1919",148748.761898231
"1920",73564.9523201814
"1921",188432.286778397
"1922",119084.666225776
"1923",172819.849751154
"1924",167027.20795253
"1925",154827.519672548
"1926",247414.166791713
"1927",179416.105710839
"1928",212826.593905119
"1929",190818.119610625
"1930",139238.003044631
"1931",418394.689812673
"1932",245047.659700923
"1933",134677.996882218
"1934",211076.941996514
"1935",391074.751108228
"1936",315262.530229999
"1937",97770.6784772968
"1938",339663.262022413
"1939",359038.175407728
"1940",154703.088374816
"1941",158032.660077668
"1942",136204.539254234
"1943",146174.296455005
"1944",143929.805801612
"1945",177092.416072557
"1946",144599.191875255
"1947",90957.9872207849
"1948",110404.149702093
"1949",153005.706949123
"1950",168599.608081344
"1951",147606.761541348
"1952",91580.9903321434
"1953",35633.9459345714
"1954",423972.553581594
"1955",176258.861953901
"1956",130757.010750972
"1957",126131.210843565
"1958",110339.692502001
"1959",214010.423336984
"1960",142599.602579725
"1961",289430.651056896
"1962",146052.145809253
"1963",124612.599524186
"1964",224356.817785074
"1965",191508.792425896
"1966",154109.859431799
"1967",138621.849830817
"1968",156706.671120477
"1969",197525.308615092
"1970",122566.742827012
"1971",140587.169660213
"1972",96828.1464392431
"1973",405147.711764285
"1974",162280.078329267
"1975",269567.472560118
"1976",194344.959349279
"1977",229763.546409273
"1978",101761.589648731
"1979",150689.996170636
"1980",157565.575030742
"1981",297230.437267876
"1982",185104.53527181
"1983",132033.109544694
"1984",456794.547062972
"1985",86392.1418633315
"1986",203148.191685414
"1987",177439.147831507
"1988",126426.703468477
"1989",103773.923555681
"1990",40899.0862211443
"1991",186465.777021053
"1992",120910.151600887
"1993",197468.923188885
"1994",116693.719576351
"1995",146742.847918232
"1996",252741.119308914
"1997",336816.31453234
"1998",241711.223191209
"1999",211334.61301311
"2000",139077.275988857
"2001",206051.002071604
"2002",239377.24081972
"2003",197888.001371961
"2004",126493.094914028
"2005",124838.976767526
"2006",235090.305962295
"2007",137478.593454296
"2008",115904.45883667
"2009",260205.504573471
"2010",108875.24887168
"2011",273402.405036017
"2012",113170.634663668
"2013",142458.926207189
"2014",91193.0530077076
"2015",191382.438324335
"2016",205285.300428931
"2017",139389.018875724
"2018",166038.173210245
"2019",107694.52217865
"2020",176613.498556817
"2021",265370.170482846
"2022",125561.128669451
"2023",319870.018477604
"2024",198290.816045763
"2025",300117.696990097
"2026",139606.14681959
"2027",139658.159796096
"2028",121804.855744172
"2029",225176.991309704
"2030",170379.741772808
"2031",133707.11796433
"2032",117547.525132089
"2033",150808.786684934
"2034",153412.400142952
"2035",156936.571576199
"2036",132620.772523981
"2037",175697.667742899
"2038",278443.376026779
"2039",119532.669747661
"2040",250568.345845449
"2041",138355.951223489
"2042",370850.01959397
"2043",126742.278440985
"2044",132418.547561998
"2045",163709.533615695
"2046",89953.9363540158
"2047",193112.268338463
"2048",443002.636288763
"2049",139260.004387172
"2050",140947.39293648
"2051",114728.643808413
"2052",333843.633779564
"2053",114733.34777924
"2054",178583.757528595
"2055",203461.484378824
"2056",143192.334206747
"2057",259963.625945213
"2058",127545.571085546
"2059",219560.038935934
"2060",153359.021916053
"2061",220851.542195486
"2062",204131.872948776
"2063",153923.653196096
"2064",203293.494582064
"2065",352591.34414792
"2066",117273.371859414
"2067",326616.180322044
"2068",151225.593865504
"2069",262829.286594003
"2070",136145.030874108
"2071",78033.2268326627
"2072",138803.771656031
"2073",180102.966061779
"2074",120502.948440573
"2075",312219.891812461
"2076",316246.420378961
"2077",65553.2455138178
"2078",242520.858477291
"2079",132791.432548322
"2080",173640.439411591
"2081",160690.912394658
"2082",144340.735179437
"2083",131538.254889424
"2084",156579.946690484
"2085",175080.299158606
"2086",164797.874677507
"2087",120104.92323193
"2088",218111.133811598
"2089",107082.302498075
"2090",143979.470151221
"2091",141256.547229257
"2092",198151.664740721
"2093",56634.0684958629
"2094",98540.9030150452
"2095",88476.1231783503
"2096",267262.339514734
"2097",275420.968300997
"2098",232663.155037392
"2099",344100.484566926
"2100",139420.106093029
"2101",361080.426286934
"2102",134941.684846878
"2103",101718.04500758
"2104",146081.943486258
"2105",160446.04551171
"2106",80360.9788768378
"2107",208488.466052956
"2108",111257.876775665
"2109",197018.714367981
"2110",135503.804988017
"2111",357812.362183248
"2112",92028.905785183
"2113",142909.236794636
"2114",160919.416494883
"2115",109497.062347269
"2116",163002.203809307
"2117",199046.749852849
"2118",395815.312947002
"2119",111975.905760984
"2120",135987.330188525
"2121",421107.952906525
"2122",232359.727649501
"2123",134192.820019733
"2124",201694.004769939
"2125",162881.952561065
"2126",112610.472885171
"2127",173512.340041787
"2128",106245.315882172
"2129",167221.908040575
"2130",258832.134186444
"2131",150325.015647665
"2132",138938.40716667
"2133",92210.1970038152
"2134",107119.038027615
"2135",362919.744764418
"2136",130195.441939676
"2137",118510.222303341
"2138",140422.778859082
"2139",177374.749109919
"2140",268077.661706205
"2141",205922.054509105
"2142",223884.371746258
"2143",229814.329764383
"2144",150385.007296447
"2145",334189.340813054
"2146",186290.767836102
"2147",148640.512207238
"2148",721978.760606687
"2149",325122.072993772
"2150",103750.577049462
"2151",133473.935758897
"2152",173462.54914553
"2153",90674.9125756409
"2154",123759.073629305
"2155",134010.843861714
"2156",191211.227670231
"2157",313507.323741767
"2158",143638.49920828
"2159",362200.425791179
"2160",139818.719245441
"2161",209283.694399925
"2162",65289.0099381502
"2163",298859.547139165
"2164",224173.817296116
"2165",184493.221140165
"2166",109818.469028406
"2167",55660.6103107998
"2168",93286.9028276106
"2169",190891.980514078
"2170",125462.100010874
"2171",151532.74209196
"2172",143649.775273048
"2173",169732.339208573
"2174",157088.08846291
"2175",329265.929630218
"2176",131224.778739024
"2177",271541.700618454
"2178",142363.795421703
"2179",119840.623319296
"2180",131491.304113641
"2181",345055.654363859
"2182",116689.63536764
"2183",225201.536939469
"2184",197882.955292263
"2185",121835.737189161
"2186",99436.7954798392
"2187",262039.621916956
"2188",188031.917248358
"2189",223955.018409469
"2190",132207.508327167
"2191",117504.980629011
"2192",167265.056858807
"2193",86377.2836927703
"2194",237046.119919066
"2195",163683.83323645
"2196",194709.50327407
"2197",125535.516811701
"2198",139255.269627514
"2199",181789.190361479
"2200",165696.818024744
"2201",194982.872430785
"2202",301963.67268525
"2203",237048.727440727
"2204",262579.192176997
"2205",253617.625420598
"2206",83027.1548384763
"2207",94290.5262849015
"2208",162008.162702888
"2209",209447.837151886
"2210",271130.626409356
"2211",152164.887795617
"2212",168718.850151362
"2213",217225.659994111
"2214",153998.170275922
"2215",176860.665325628
"2216",300530.943189338
"2217",125920.999349003
"2218",102051.1053873
"2219",209650.471168168
"2220",323735.466542553
"2221",266932.207326814
"2222",268061.845590745
"2223",200450.176782816
"2224",166252.168160504
"2225",221796.150938732
"2226",544395.345530854
"2227",131296.184439247
"2228",112525.259014717
"2229",120478.428585545
"2230",117758.005873436
"2231",344095.323098368
"2232",158872.615543766
"2233",222512.15315097
"2234",140050.030714613
"2235",137438.249407896
"2236",140737.678439587
"2237",173666.834764377
"2238",178267.765587466
"2239",191186.563012766
"2240",156299.919285205
"2241",132013.438076933
"2242",164892.49581124
"2243",131296.447031879
"2244",223471.909371943
"2245",109182.382842845
"2246",202477.287754221
"2247",162191.254304177
"2248",146743.581634306
"2249",251262.126030809
"2250",224872.532853053
"2251",195955.721112654
"2252",164767.389890622
"2253",140414.7749888
"2254",107672.87775503
"2255",530921.258419857
"2256",161204.657287664
"2257",203544.10651264
"2258",113078.212014941
"2259",188946.653956093
"2260",501675.111043406
"2261",113932.676965801
"2262",218523.316610359
"2263",131967.901296343
"2264",221531.70590349
"2265",136043.0964252
"2266",110318.398996238
"2267",180067.849407382
"2268",150190.760233722
"2269",78613.1289927825
"2270",153498.488644999
"2271",118189.908047473
"2272",209363.027952861
"2273",140202.277766218
"2274",265955.957301386
"2275",151260.228492013
"2276",227412.993939336
"2277",191487.727617314
"2278",92400.4843962785
"2279",206616.769231581
"2280",145565.436516271
"2281",232456.641861139
"2282",399658.215667847
"2283",102803.533090783
"2284",190552.304468087
"2285",186562.018190082
"2286",150607.591282522
"2287",166611.32773319
"2288",150478.575867794
"2289",227021.952764214
"2290",165220.462927841
"2291",136321.31657631
"2292",130168.364103945
"2293",131801.331048259
"2294",95849.1135378865
"2295",144579.09398442
"2296",128285.817141518
"2297",127412.737818626
"2298",151762.03289817
"2299",168539.428763906
"2300",110729.326244088
"2301",147360.021884563
"2302",170675.777889527
"2303",208510.567001687
"2304",130837.97439629
"2305",236634.728205906
"2306",175642.331693445
"2307",139338.011829674
"2308",196917.078935564
"2309",171641.79551733
"2310",169933.591248819
"2311",181021.846163396
"2312",140819.189150477
"2313",146916.694346943
"2314",163667.793006777
"2315",145686.451668848
"2316",245659.816960501
"2317",181199.153328486
"2318",130412.397916235
"2319",140451.428028086
"2320",138769.421973495
"2321",223905.193961048
"2322",137762.9867158
"2323",251886.281309957
"2324",132164.283539582
"2325",168443.051777099
"2326",225815.596387069
"2327",103620.866228608
"2328",185750.564201621
"2329",119517.01199353
"2330",133174.756052229
"2331",95337.8330647604
"2332",320468.414569095
"2333",135544.3266834
"2334",341971.60969114
"2335",152659.159555207
"2336",134979.74376806
"2337",158697.951749367
"2338",204762.899305102
"2339",172100.347263794
"2340",120664.47029512
"2341",115594.077360245
"2342",299699.324685326
"2343",151761.577612754
"2344",141047.219024944
"2345",278551.154467084
"2346",154528.218089651
"2347",122496.899690785
"2348",169603.561240535
"2349",149415.157147701
"2350",160975.90912395
"2351",117974.880067314
"2352",161694.49492582
"2353",101560.808845482
"2354",140536.145779021
"2355",580722.327554396
"2356",133658.992065044
"2357",115127.789102965
"2358",150396.737784499
"2359",179641.773558246
"2360",245680.944613236
"2361",123576.910709776
"2362",127728.219451507
"2363",254889.143947347
"2364",243802.804684187
"2365",130620.441044837
"2366",180398.577261047
"2367",163794.029533113
"2368",146891.720631731
"2369",97467.3764030328
"2370",148007.170367246
"2371",170604.45032287
"2372",88685.4394672183
"2373",36313.5780036091
"2374",132415.104724518
"2375",274855.009657226
"2376",171340.314320428
"2377",196663.023015041
"2378",152911.713824548
"2379",170996.437169217
"2380",196419.31199856
"2381",208364.764860314
"2382",158015.277441122
"2383",287846.030545946
"2384",186643.936895908
"2385",245018.255746032
"2386",224892.884738185
"2387",216908.741936997
"2388",119965.202434568
"2389",306869.851438388
"2390",194639.809747784
"2391",237350.207923565
"2392",83034.4615495926
"2393",186358.217301675
"2394",235743.941185995
"2395",250248.8245341
"2396",243244.891791899
"2397",163935.772663725
"2398",220279.615969377
"2399",143490.771211684
"2400",138601.05811276
"2401",146177.804680219
"2402",128004.66659364
"2403",144706.813704366
"2404",277889.824674757
"2405",204683.262027727
"2406",179293.068468921
"2407",133846.513393655
"2408",118694.352317407
"2409",127379.360053996
"2410",169967.241431144
"2411",126578.506576288
"2412",154255.099316629
"2413",125473.0156884
"2414",127746.230400192
"2415",197617.376859141
"2416",165116.406817313
"2417",120264.889318566
"2418",256331.549305766
"2419",157724.48120563
"2420",247563.40252434
"2421",214254.42720918
"2422",173699.139799919
"2423",138248.490403324
"2424",137543.704982234
"2425",71933.9056992125
"2426",134899.454708882
"2427",80285.3144782628
"2428",181015.329494235
"2429",114875.877687642
"2430",197605.124961589
"2431",170908.054859996
"2432",168166.190737563
"2433",85039.0634582909
"2434",201654.879928246
"2435",111349.925096493
"2436",135320.051029906
"2437",179455.761051955
"2438",318245.061937756
"2439",164901.565147914
"2440",246186.091882118
"2441",125487.571402435
"2442",127272.279046065
"2443",118787.088815456
"2444",396976.752491967
"2445",189811.546804239
"2446",195261.702131862
"2447",299846.213339203
"2448",168779.09353367
"2449",191477.770514366
"2450",172809.999300459
"2451",335487.507757934
"2452",119282.272372606
"2453",139025.965941303
"2454",168514.318259799
"2455",89060.7499884886
"2456",195728.54426421
"2457",76544.4578975093
"2458",85485.7521911919
"2459",241369.685045992
"2460",144808.43355198
"2461",187704.838485109
"2462",141927.266838678
"2463",167181.946780114
"2464",87842.9640576716
"2465",228488.463482441
"2466",107825.234895288
"2467",123567.766356729
"2468",100235.93138408
"2469",163737.202864861
"2470",88036.9595347219
"2471",117677.369260606
"2472",218147.561412565
"2473",216718.813080045
"2474",191294.613942381
"2475",166180.196554667
"2476",201106.520620227
"2477",163167.571871408
"2478",199784.986553823
"2479",95041.317777087
"2480",190578.411922119
"2481",285936.775306056
"2482",118925.675341258
"2483",149364.065901058
"2484",314626.34268468
"2485",122110.176225974
"2486",116376.045683024
"2487",147588.016672957
"2488",199850.127076767
"2489",317081.779790543
"2490",237460.838895472
"2491",113899.869079398
"2492",83685.2486328779
"2493",320313.986013544
"2494",271205.468790019
"2495",99559.675785227
"2496",80717.2026946516
"2497",151536.681994473
"2498",170392.861518028
"2499",190012.28367996
"2500",260909.008739065
"2501",285063.431171274
"2502",136005.825723099
"2503",534918.1374189
"2504",143525.78723164
"2505",122096.073315079
"2506",92358.7749941796
"2507",179160.798997829
"2508",197299.863466335
"2509",169370.347228305
"2510",148112.292772244
"2511",257824.654725047
"2512",170059.218586336
"2513",207349.488743017
"2514",235080.197296477
"2515",349108.485644319
"2516",193603.977780419
"2517",205967.98024779
"2518",90742.4905551816
"2519",98335.0692610274
"2520",115854.398924172
"2521",152054.608233137
"2522",311091.387973454
"2523",173516.504387919
"2524",181381.894160948
"2525",154849.042193563
"2526",130370.281513874
"2527",131111.18727284
"2528",156256.005178107
"2529",94136.2048266254
"2530",154997.768651347
"2531",192009.283230511
"2532",209098.560264319
"2533",163196.128695135
"2534",135087.095330948
"2535",144235.693364087
"2536",135839.592270715
"2537",155883.311011685
"2538",130682.500492285
"2539",193879.672350965
"2540",154236.589815304
"2541",189651.792747726
"2542",152607.569478491
"2543",90027.0986407114
"2544",252145.353547458
"2545",137711.886127474
"2546",204402.015943432
"2547",90781.5182164661
"2548",156530.94483636
"2549",153273.164905986
"2550",149014.813582123
"2551",131023.765269408
"2552",170967.712180739
"2553",119774.729099042
"2554",166464.774257772
"2555",118233.646404547
"2556",154417.461068418
"2557",57734.7774674557
"2558",118961.239434752
"2559",134604.886581154
"2560",156077.974828784
"2561",109250.370034983
"2562",338525.601271366
"2563",190570.979508988
"2564",270455.810058738
"2565",172231.537705619
"2566",313221.222180427
"2567",185466.583139303
"2568",198247.196864518
"2569",126173.850398509
"2570",131963.15053741
"2571",118793.622285009
"2572",306830.574611175
"2573",187574.053796444
"2574",133088.553308835
"2575",137871.448860601
"2576",126051.142948927
"2577",115292.654902517
"2578",219285.760347095
"2579",97423.1362574188
"2580",110081.689392321
"2581",168976.511662425
"2582",110188.630624287
"2583",198407.445331247
"2584",243843.279309065
"2585",210243.991596004
"2586",131158.592535024
"2587",136188.399972604
"2588",98432.7644824533
"2589",121336.383940323
"2590",231168.809575668
"2591",173607.450862114
"2592",100842.079210956
"2593",122096.744845329
"2594",93616.4130320803
"2595",206505.432800829
"2596",120522.833067502
"2597",131214.281176633
"2598",191395.644168176
"2599",429640.46069807
"2600",87264.6731880439
"2601",88638.4486379704
"2602",145590.330334276
"2603",168666.218081145
"2604",184260.906070757
"2605",116474.308526667
"2606",146326.689454876
"2607",124879.805788109
"2608",151057.222354282
"2609",203244.709997749
"2610",113282.72906956
"2611",213296.394309277
"2612",202295.949356128
"2613",180502.065517527
"2614",217597.651246126
"2615",238122.13659669
"2616",182606.893801817
"2617",141844.405512707
"2618",219714.224195961
"2619",128289.53748416
"2620",116597.137167177
"2621",194647.206201086
"2622",221160.066248075
"2623",246266.854164546
"2624",186397.543034245
"2625",195562.441250836
"2626",614785.681077233
"2627",161365.619842593
"2628",166961.245233883
"2629",164088.467936695
"2630",203798.491932299
"2631",231385.863340003
"2632",314328.218245126
"2633",126061.101382573
"2634",113951.705311677
"2635",127116.974426115
"2636",93414.3263967715
"2637",231301.191609892
"2638",355708.907573502
"2639",723874.996722228
"2640",129980.406649781
"2641",194684.192683869
"2642",112045.184280871
"2643",110433.962847106
"2644",281734.664228987
"2645",190488.099160684
"2646",196471.370013622
"2647",173036.528743932
"2648",173127.743027433
"2649",126588.126908355
"2650",163159.08737827
"2651",155434.080327786
"2652",161775.200613182
"2653",227358.421369761
"2654",147037.068406063
"2655",175502.927033055
"2656",143672.545566927
"2657",109198.652229928
"2658",198035.779916464
"2659",127197.719338672
"2660",207469.786329416
"2661",147787.395045586
"2662",276483.382864688
"2663",112724.605092407
"2664",204014.83688294
"2665",140317.641576544
"2666",289321.266945696
"2667",194643.507939302
"2668",184139.702274985
"2669",101988.05728804
"2670",127742.270328431
"2671",127522.487426314
"2672",116147.475135681
"2673",117113.98847895
"2674",241594.74645478
"2675",79774.1662641492
"2676",93780.2445182041
"2677",112404.4717609
"2678",125432.118151947
"2679",149789.611720443
"2680",133995.567496283
"2681",197517.605278272
"2682",136425.369431974
"2683",213568.73422433
"2684",144501.186850621
"2685",371943.782677295
"2686",135422.12082386
"2687",192271.170319062
"2688",140972.34283303
"2689",98292.6959782742
"2690",140301.646277154
"2691",115854.398924172
"2692",142277.833652335
"2693",173170.337691146
"2694",202633.255305593
"2695",134918.476873027
"2696",243641.460638258
"2697",205881.697741514
"2698",241960.314010847
"2699",170432.56768035
"2700",458980.956924451
"2701",221132.201835222
"2702",187046.214188157
"2703",190396.306020812
"2704",154785.102743543
"2705",134948.836945704
"2706",122300.205259287
"2707",253917.324773853
"2708",177426.372672774
"2709",122560.369522092
"2710",278550.875916069
"2711",183506.432434253
"2712",125230.58538173
"2713",310632.245153858
"2714",81521.2498826503
"2715",186841.136996598
"2716",153109.786212788
"2717",182592.833612318
"2718",125938.188738563
"2719",148034.110123696
"2720",179555.56619836
"2721",160912.818934058
"2722",176903.205430882
"2723",123207.721175892
"2724",369473.020327671
"2725",355191.372261211
"2726",141287.909663843
"2727",255115.841148291
"2728",179296.475069584
"2729",130715.436632189
"2730",177025.133738902
"2731",129566.30023034
"2732",138661.01603536
"2733",163980.533239202
"2734",193397.51250494
"2735",255777.83125382
"2736",70764.9428807838
"2737",209056.535677319
"2738",187724.736252552
"2739",152401.84066255
"2740",137107.69624905
"2741",173587.3135658
"2742",127262.224933163
"2743",152378.524964625
"2744",186149.240639693
"2745",253347.919775998
"2746",274050.040977531
"2747",167166.065249554
"2748",116561.347340086
"2749",105504.723140456
"2750",184937.461321701
"2751",121012.242845283
"2752",134126.679264499
"2753",149931.079876371
"2754",139657.461507043
"2755",159419.759597704
"2756",223036.340712148
"2757",176093.432563781
"2758",307846.327266938
"2759",222434.287524646
"2760",143473.553352231
"2761",337444.388195272
"2762",197003.544511022
"2763",145077.737727625
"2764",142628.838494833
"2765",172836.959763211
"2766",324631.184501131
"2767",202885.690816948
"2768",305044.211249197
"2769",332411.852942681
"2770",119283.345917889
"2771",191872.621278279
"2772",278839.604158924
"2773",205522.747454165
"2774",274074.706591155
"2775",111121.447077598
"2776",162706.297717081
"2777",73742.0152098788
"2778",216764.762338867
"2779",80064.9132290766
"2780",173176.918289009
"2781",67358.339669467
"2782",79691.0051847774
"2783",133542.625767835
"2784",248291.813312443
"2785",184373.708259222
"2786",240886.223659475
"2787",134163.166683323
"2788",113004.84806452
"2789",127068.679152516
"2790",120653.731635142
"2791",157697.039533395
"2792",136244.180542685
"2793",71388.7091022458
"2794",213671.485495192
"2795",124479.708790308
"2796",114944.306645505
"2797",155517.259809288
"2798",244121.175035772
"2799",171867.824814888
"2800",174596.346989333
"2801",98810.0896020346
"2802",259560.994445021
"2803",280184.33364759
"2804",228643.431188799
"2805",123523.289967071
"2806",187340.482070817
"2807",169387.285109908
"2808",131921.192927153
"2809",400311.791017891
"2810",239520.670739944
"2811",191338.329756009
"2812",112849.911723609
"2813",151712.869964336
"2814",169801.434330534
"2815",352460.557021753
"2816",193975.569557573
"2817",257376.172518214
"2818",123020.464676652
"2819",163748.17362497
"2820",146709.100944261
"2821",207708.098409083
"2822",197499.829493719
"2823",132642.126187281
"2824",141244.823422382
"2825",242119.576289009
"2826",111271.562336153
"2827",172281.319813184
"2828",257657.123153135
"2829",472090.035710277
"2830",247472.563425608
"2831",257359.700970268
"2832",90148.7172979992
"2833",121894.476169443
"2834",90051.7694454848
"2835",156116.686966648
"2836",61059.3731436195
"2837",231103.051403888
"2838",153283.281268706
"2839",121172.569167415
"2840",108077.733301478
"2841",109196.468278723
"2842",270536.958973485
"2843",159727.577108508
"2844",368512.532672765
"2845",130469.922466948
"2846",226046.497897151
"2847",121816.975930288
"2848",128469.782497178
"2849",136370.810196776
"2850",235554.361453984
"2851",273582.089435988
"2852",156381.216378646
"2853",136180.569364737
"2854",136160.824613709
"2855",144150.619404288
"2856",118866.346233106
"2857",186145.889983518
"2858",190119.10059613
"2859",272520.467402831
"2860",105464.95535653
"2861",280818.687543441
"2862",130511.026966144
"2863",114588.187266944
"2864",121750.48201592
"2865",214905.354809397
"2866",219537.205879224
"2867",143428.653157279
"2868",93273.09738762
"2869",253915.801274476
"2870",202121.645383588
"2871",211800.696367893
"2872",124596.027150536
"2873",325604.91232827
"2874",127687.09758582
"2875",224414.709311749
"2876",170823.134661148
"2877",136785.050742337
"2878",141455.717987151
"2879",256061.262122807
"2880",143976.446614095
"2881",141192.290119869
"2882",258900.992691913
"2883",142686.757560036
"2884",113005.865112729
"2885",189225.934361794
"2886",186648.976350236
"2887",137853.526737213
"2888",75452.0021529764
"2889",187953.430308196
"2890",162926.099551856
"2891",163931.510389045
"2892",119911.230238127
"2893",388635.047111681
"2894",151146.976998851
"2895",190801.900759769
"2896",225457.962166787
"2897",147481.939028452
"2898",320436.689766456
"2899",114664.413753974
"2900",186092.659871251
"2901",116246.823692378
"2902",152621.304777823
"2903",261578.314634204
"2904",108078.814084215
"2905",89401.8808919383
"2906",134444.936480188
"2907",271412.477526496
"2908",136911.77236238
"2909",97006.1832209696
"2910",183223.500347247
"2911",168964.007863208
"2912",205201.561110338
"2913",261525.481151009
"2914",145542.948393582
"2915",151093.480438443
"2916",NA
