LotArea,OverallQual,T_Sf,T_Bath,Fireplaces,GarageCars,Ppf_Adj,SalePrice
8899,7,1808.4,2,0,2,129.25,181134
11988,6,1958,1.5,1,1,123.375,188700
17423,9,3473.68,3,1,3,94,501837
13300,5,1600.04,1,0,1,111.625,132000
7180,5,1222.92,1,0,1,111.625,127000
24090,7,3006.52,2,2,1,129.25,244400
12180,4,1216.56,2,0,1,105.75,80000
4270,3,1341.2,1,0,0,99.875,79000
14303,8,2966.08,3,1,2,940,301500
9156,6,1905.92,2,1,2,123.375,185750
1477,4,959.1,2,0,1,105.75,80000
6762,7,1698.08,2,1,2,129.25,193879
11194,8,2545.44,2.5,1,2,940,230500
10041,8,2600.34,3.5,1,2,940,220000
4130,3,804.6,1,0,0,99.875,52000
10592,6,1828.64,1.5,2,1,123.375,165000
7750,8,1713.54,3.5,1,2,940,184100
9400,6,1528.1,4,0,0,123.375,127500
2448,7,2033.42,3.5,0,2,129.25,154000
10784,7,1681.2,2.5,1,2,129.25,160000
25339,5,1743.04,2,0,2,111.625,112000
10440,5,1886.64,2,1,2,111.625,157500
14230,8,2083.28,2,1,3,940,256300
10918,7,2437.28,1.5,2,1,129.25,234000
5604,5,1330.8,2,0,0,111.625,98000
8487,7,2073.84,2,0,2,129.25,190000
4435,6,1377.74,2,0,2,123.375,140000
6380,5,1428.12,1,1,1,111.625,113000
10634,5,1608.16,2,0,1,111.625,123000
16647,5,2507.2,3,2,2,111.625,171000
35760,10,4868.12,4.5,1,3,103.4,625000
17104,7,1926.52,3.5,1,2,129.25,179665
2665,5,1484.54,1.5,1,1,111.625,115000
13501,8,2157.34,3,1,3,940,255000
8760,7,2562.68,2.5,0,3,129.25,239799
21750,5,1771,1,1,2,111.625,115000
10240,6,2391.38,3,1,2,123.375,207500
7420,5,1478.06,1,0,2,111.625,132000
12342,4,1278.64,1,0,2,105.75,82500
14778,6,2288.24,2,1,2,123.375,224000
3136,7,1827.2,2,1,2,129.25,171750
10106,5,1676.74,3,0,0,111.625,127500
8450,7,2286.46,3,0,2,129.25,210000
4230,7,1923.36,2,1,2,129.25,208900
12704,8,2685.76,2.5,1,3,940,253293
7599,4,1251.1,2,0,2,105.75,129500
25095,5,2310.96,3,2,1,111.625,143000
10500,4,1235.52,1,1,0,105.75,115000
8172,4,1733.48,2,0,1,105.75,135000
7642,7,1873.36,1.5,1,1,129.25,189950
14803,6,2401.6,2.5,1,2,123.375,190000
16659,7,2924.1,3.5,1,2,129.25,235000
9196,7,2178.8,2,0,2,129.25,201000
8658,6,1931.94,2,1,2,123.375,160000
5586,6,1528.68,1,0,0,123.375,79900
8070,4,1443.6,2,0,0,105.75,123600
7795,7,1862.78,3.5,1,2,129.25,188500
11160,7,3020.3,3.5,2,2,129.25,244000
9098,4,983.96,2,0,0,105.75,86000
9965,8,3776.18,4,1,3,940,424870
4500,6,1998.52,3,0,2,123.375,162000
10593,7,2806.42,3,1,2,129.25,260400
4571,5,1603.2,1,0,3,111.625,98000
12984,5,2391.14,3,1,2,111.625,217500
11000,5,1681.12,1.5,1,2,111.625,154000
9738,5,1765.8,2,0,1,111.625,104900
10240,8,2547.04,2.5,1,3,940,275500
2628,7,1861.52,2.5,0,2,129.25,175500
8200,7,2265.56,2.5,1,2,129.25,219500
10552,5,2427.24,2.5,1,2,111.625,165500
10448,6,2395.12,2.5,1,2,123.375,158000
12968,5,1475.26,2,0,1,111.625,144000
4608,4,956.16,1,0,1,105.75,80000
10769,8,2189.76,2.5,0,2,940,212000
10800,8,2685.82,3.5,1,3,940,339750
9650,6,1930.6,3,1,2,123.375,167900
13173,9,2667.76,3,2,2,94,325000
5400,5,1190.74,1,0,1,111.625,117000
13006,7,2505.92,2.5,1,2,129.25,222000
2217,4,1397.9,1.5,0,1,105.75,88000
12735,4,1419.84,1,0,2,105.75,111250
10125,5,1734,2,0,2,111.625,126000
15611,8,2261.92,2.5,1,2,940,233230
14774,9,3013.04,2.5,1,3,94,333168
6629,6,1813.6,3,0,1,123.375,103600
21453,6,1636.04,2,2,2,123.375,180000
9600,6,1709.44,1,0,1,123.375,119000
35133,5,2570.26,2.5,2,3,111.625,186700
3316,8,1975.06,2.5,1,2,940,197000
16033,9,3152.92,3,1,3,94,326000
19900,7,3212.38,3,1,2,129.25,180000
8400,8,2120.7,3.5,0,2,940,227000
8000,6,2146.22,3.5,1,2,123.375,188000
5400,6,2209.76,2,0,1,123.375,152000
10800,5,2163.8,3,1,2,111.625,170000
11880,7,2168.08,2,1,2,129.25,157000
14684,7,2952.18,2,1,3,129.25,271900
1680,6,1229.64,1.5,0,1,123.375,89500
11050,9,3097.86,3.5,2,3,94,313000
6402,5,1479.44,1,0,1,111.625,78000
7314,7,1876,3,0,2,129.25,194500
4928,6,1459.84,2,1,2,123.375,128000
10420,6,1641.76,2,0,2,123.375,186000
5105,7,1375.98,2.5,0,2,129.25,148800
12137,7,2149.92,2,0,2,129.25,224900
13450,7,2400.28,3.5,0,2,129.25,2.00E+05
11670,9,2591.2,2,1,3,94,320000
7000,5,1299.72,2,0,1,111.625,136500
5000,5,1658.96,1,0,1,111.625,79000
45600,6,2945.28,3,1,2,123.375,240000
8731,5,1806.78,1,1,2,111.625,144000
10998,5,1938.72,2,0,2,111.625,117000
12244,8,3042.42,3.5,2,3,940,305000
13693,9,3569.72,2.5,1,3,94,380000
10356,5,1455.12,1.5,0,2,111.625,122000
18450,6,2731.54,2.5,1,2,123.375,129000
9100,7,2464.8,2,1,2,129.25,216837
19378,7,3122.64,3.5,1,2,129.25,320000
11340,6,1736.64,1,0,1,123.375,125000
12800,7,2574.04,4,1,2,129.25,275000
7082,5,2320.72,2,0,0,111.625,160000
5000,5,1254.12,1,0,2,111.625,87000
8072,5,1542.2,2,0,2,111.625,138000
3182,7,1545.2,2,1,2,129.25,160200
3735,7,1807.68,3.5,0,2,129.25,183900
5310,6,2015.08,1,0,1,123.375,117000
7922,5,1613.86,2,0,1,111.625,109000
9900,6,1914.54,2,1,1,123.375,139500
10159,9,3154.36,3.5,1,3,94,395192
10355,5,1851.22,2,1,1,111.625,143000
9600,7,1864.56,1.5,1,2,129.25,175500
9100,5,986.76,1,0,1,111.625,79500
8063,6,2049.12,2.5,1,2,123.375,181000
10780,5,1353.98,1,0,2,111.625,132500
2280,6,1919.14,2.5,1,2,123.375,148500
8012,6,1360.62,2,1,1,123.375,143000
10991,8,2039.68,2,1,3,940,239000
1890,6,1624.64,1.5,0,1,123.375,113000
8877,4,1251.48,2,1,1,105.75,1.00E+05
2592,5,1348.66,1.5,0,1,111.625,85000
7015,5,1675.26,2,1,1,111.625,110000
8820,5,2624.52,1,0,2,111.625,124900
13680,3,1733,2,1,2,99.875,139600
12144,5,1403.86,1,1,1,111.625,133000
7917,6,1945.84,2.5,1,2,123.375,175000
2645,8,1658.28,2.5,0,2,940,174000
15870,5,1378.3,2,0,1,111.625,138800
8834,9,3098.44,3.5,1,3,94,350000
9056,8,1701.96,2.5,1,2,940,178000
10029,6,2813.98,3.5,1,2,123.375,211000
10625,7,2833.24,3.5,1,3,129.25,284000
28698,5,2571.74,3.5,0,2,111.625,185000
8892,5,1409.08,1.5,0,2,111.625,126500
9250,5,1606.44,2,0,1,111.625,139400
3922,7,1841.44,3,1,3,129.25,194201
6240,8,2103.06,3,1,2,940,254000
20781,7,2729.1,2,1,2,129.25,262500
8712,4,1546.92,1,0,1,105.75,102776
9873,4,1695.9,2,0,2,105.75,129000
11250,6,1932.7,2.5,1,2,123.375,165000
17871,6,2352.8,2.5,1,2,123.375,197900
9439,5,1769.52,1,0,1,111.625,87000
8967,5,1346.08,1,0,1,111.625,67000
11664,6,1589.76,1,1,1,123.375,119200
6000,6,1497.92,1,1,1,123.375,120000
7200,7,1893.76,3,1,2,129.25,187750
6040,4,1152,2,0,0,105.75,82000
5000,6,2115.7,2,2,2,123.375,159000
14977,8,3139.68,3,1,3,940,440000
9591,8,2539.84,3,1,3,940,274900
17755,5,2041.28,1.5,2,2,111.625,149900
5232,5,954.4,1,0,2,111.625,73000
11210,7,2208.4,2,0,3,129.25,221500
22950,10,3553.96,2.5,2,3,103.4,475000
7500,4,1467.76,1,0,2,105.75,68400
5100,8,2000.08,1,1,1,940,161000
7681,5,1756.48,1.5,1,1,111.625,154900
9548,7,2387.62,3.5,1,2,129.25,237000
8775,5,1466.9,1,0,1,111.625,126000
8462,6,2480.64,3.5,0,2,123.375,201000
7851,6,2605.26,3.5,2,2,123.375,216500
7438,5,1457.6,1,0,2,111.625,127000
8960,5,1424.64,1,1,2,111.625,115000
9600,6,2175.24,2,2,1,123.375,153000
14112,5,1778.76,2,1,2,111.625,180500
9400,6,2079.36,3,0,0,123.375,139000
3500,5,1607.2,1.5,0,1,111.625,110000
7875,7,1752.56,2,1,2,129.25,176000
13346,7,2852,3.5,1,2,129.25,268000
8400,6,1786,2.5,1,2,123.375,171000
9060,6,1476,1,0,1,123.375,105000
13695,6,1732.52,2,0,2,123.375,155000
11428,8,2124.48,2,1,3,940,250000
8777,5,2937.36,5,0,0,111.625,145900
8749,7,2017.76,2,1,2,129.25,192000
53227,4,2628.2,2,2,2,105.75,256000
7227,6,1064.96,1,0,2,123.375,105500
4224,5,2128.28,2.5,1,2,111.625,134000
14450,9,2870.16,2.5,1,3,94,415298
7917,6,1911.74,2.5,1,1,123.375,148000
9247,6,2119.14,1.5,1,2,123.375,171000
7200,5,1069.6,1,0,2,111.625,98300
17600,6,2304.84,3,2,2,123.375,157500
10768,5,2203.26,3,1,2,111.625,218000
9906,4,1710.48,1,0,1,105.75,107000
11694,9,2438.96,2,1,3,94,314813
4282,7,2008.4,2,0,2,129.25,196000
14157,9,2986.02,3,1,3,94,377426
13518,9,3830.96,3.5,2,3,94,485000
9000,4,1290.72,1,0,2,105.75,120500
11423,8,2562.68,3,1,2,940,272000
3182,7,1695.28,2,1,2,129.25,159895
4043,6,1520.32,2,1,2,123.375,127500
6960,4,1211.02,1,0,2,105.75,120500
10625,7,2413.28,2.5,1,3,129.25,250000
9672,6,1489.6,2,0,2,123.375,152000
7200,7,1817.84,1.5,1,1,129.25,149000
12227,6,4079.8,3.5,1,2,123.375,272000
13515,6,2148.8,1,1,2,123.375,180500
12384,7,2469.2,2.5,1,2,129.25,197900
12182,7,2388.78,2,1,2,129.25,220000
9453,7,2428.88,2.5,0,2,129.25,194500
3604,7,1666.52,2,0,2,129.25,146000
16737,9,3004.5,3,1,3,94,315000
11616,5,1403.88,2,1,1,111.625,139000
7700,6,2339.96,1.5,1,2,123.375,155000
11040,6,1841.14,3,0,2,123.375,145000
8688,7,2115.68,2,0,3,129.25,232000
11040,4,1848.66,1.5,0,1,105.75,108000
9937,5,1829.88,2.5,0,1,111.625,147500
2280,6,1804.82,2.5,1,2,123.375,146000
8450,7,1952.26,3,0,2,129.25,185000
5720,5,1336.4,1.5,0,1,111.625,66500
7577,6,1890.8,2,1,2,123.375,194700
2280,7,1874.02,2.5,0,2,129.25,179400
8125,7,1831.6,2.5,0,2,129.25,197000
11214,7,2201.58,2.5,1,2,129.25,199900
7804,4,2784.18,3,2,2,105.75,135000
12394,7,2070.56,2.5,1,2,129.25,225000
9808,7,2307.44,3,0,2,129.25,227000
4671,8,2002.1,3,1,2,940,189000
20431,9,3668.44,3.5,2,3,94,437154
12000,5,1282.48,2,0,2,111.625,147000
8410,5,1489.04,1,0,0,111.625,81000
10852,6,2205.72,3.5,1,2,123.375,173000
4224,5,1753.2,2,1,2,111.625,129900
8163,5,1659.72,2,1,1,111.625,143000
15498,8,3784.42,3,1,2,940,287000
9350,5,1869.82,3,1,2,111.625,179900
7500,7,2138.62,3.5,0,2,129.25,216000
16669,8,2586.16,2.5,1,2,940,228000
10762,7,2465.04,2.5,1,2,129.25,225000
21750,5,1264.64,1,0,2,111.625,113000
9600,7,1715.3,2,1,2,129.25,161000
10300,7,1943.84,2,0,2,129.25,140000
10440,5,1511.72,1.5,0,2,111.625,110000
8235,5,1056.2,2,0,2,111.625,125000
12046,6,2493.44,2.5,1,2,123.375,195000
8480,5,1449.8,2,0,2,111.625,132500
6292,6,1233.04,1,0,1,123.375,91000
10421,7,2438.04,2.5,1,2,129.25,196500
5925,4,1492.96,1,0,2,105.75,89471
6342,5,1393.28,1,0,0,111.625,94000
9920,7,2799.96,3.5,1,2,129.25,269790
10721,6,1633.76,1,0,2,123.375,142000
13400,5,1491.68,2,1,2,111.625,159950
5687,5,2144.6,3,0,0,111.625,135900
13710,5,2117.98,1.5,0,1,111.625,152000
11625,5,1582.22,2.5,0,2,111.625,131500
13600,7,2370.84,2.5,3,2,129.25,205000
6000,5,1614.08,2,0,1,111.625,93000
4045,7,2216.68,3,1,3,129.25,246578
7763,5,1664.64,2,0,2,111.625,140000
7500,6,1873.98,1,2,1,123.375,177500
11308,9,2855.52,3.5,1,3,94,335000
10206,8,2179.02,2,1,3,940,245000
6970,4,1794.96,2.5,0,2,105.75,129000
8445,5,1179.84,2,0,2,111.625,133000
11218,6,2223.6,2.5,1,2,123.375,189000
1596,4,1411.16,2,0,1,105.75,91000
7560,5,1750.46,1,0,1,111.625,133700
11361,6,2050.24,3,1,2,123.375,180000
14536,8,2673.08,3,1,3,940,270000
9100,7,2400.8,3,0,2,129.25,235000
10380,7,2947.66,3.5,1,2,129.25,301000
7259,6,2936.92,3.5,1,1,123.375,259500
3196,8,1917.1,2,1,2,940,215000
12168,8,3592.6,2.5,2,2,940,359100
2887,6,2143.72,2,1,2,123.375,173000
7500,7,1776.28,3,0,2,129.25,185000
10084,7,2099.04,2,0,3,129.25,212900
7590,5,2350.32,2,1,1,111.625,169500
9452,8,3161.08,3.5,1,3,940,348000
8339,5,882,1,0,1,111.625,106500
10800,4,1151.68,2,0,1,105.75,64500
8963,8,3348.06,4.5,2,2,940,299800
11643,5,3133.44,5,0,4,111.625,2.00E+05
9375,8,2409.64,2.5,1,2,940,250000
11200,5,1603,2,0,1,111.625,129500
10000,6,1428.48,1.5,0,2,123.375,160000
10205,5,1550.8,2,0,1,111.625,134500
12090,8,2770.16,2.5,1,2,940,258000
7200,7,1496.72,2,0,2,129.25,155000
9600,6,1943.68,1.5,0,1,123.375,140000
8500,4,1693.28,1,0,1,105.75,40000
10304,5,2555.26,3.5,1,2,111.625,197500
7200,6,2944.72,3,1,2,123.375,133900
6120,7,1206.32,1,0,2,129.25,132000
13650,5,2108.18,3,1,2,111.625,172500
7094,5,1093.6,1,0,1,111.625,125000
11787,7,3196,3.5,1,3,129.25,315750
15611,5,1756.94,3,0,2,111.625,175000
4438,6,1376.42,2,1,2,123.375,149000
21930,5,2074.96,2.5,1,2,111.625,192140
9000,5,2078.88,3,0,0,111.625,136000
53107,6,3009.62,3.5,2,2,123.375,240000
9600,7,2055.56,2.5,1,2,129.25,178000
12435,7,2246.74,2.5,1,2,129.25,231500
5784,5,1114.88,1,0,1,111.625,91300
7950,6,1935.94,1.5,0,2,123.375,159500
3684,7,2044.1,2,1,3,129.25,174000
5814,8,2051.46,2,1,2,940,187500
8773,6,1948.88,2.5,1,2,123.375,169000
7420,5,1612.98,2,2,1,111.625,118000
9135,6,2291.36,3,0,2,123.375,2.00E+05
10200,5,964.32,1,0,1,111.625,108000
6000,5,993.8,1,0,1,111.625,115000
10382,7,3158.24,3.5,2,2,129.25,2.00E+05
12342,5,1727.52,1,1,1,111.625,139900
19296,6,1993.52,2,1,2,123.375,176000
11000,8,2601.12,2.5,1,3,940,248000
9246,5,2288.48,2,0,2,111.625,135000
8499,6,1613.28,2.5,1,2,123.375,156932
7200,6,1982.86,2,0,2,123.375,185000
17217,5,1504,1,0,0,111.625,84500
6420,5,1331.12,2,0,1,111.625,123500
8125,6,2587.12,3,1,2,123.375,193500
17671,8,2198.48,1.5,1,2,940,168000
9303,6,2409.64,3.5,0,2,123.375,204000
8125,6,1706.36,2.5,1,2,123.375,174000
7064,5,1541.44,1,0,2,111.625,135000
6171,6,1973.28,2.5,1,1,123.375,137450
18000,3,1160.32,1,0,3,99.875,81000
7728,5,1754.98,2,0,2,111.625,132500
8414,6,1682.46,2,0,1,123.375,154500
11500,4,960.32,1,0,1,105.75,84000
26142,5,1729.74,1,0,1,111.625,157900
10832,7,2219.82,2.5,1,2,129.25,194500
9717,5,1204.98,2,0,1,111.625,142125
19138,4,1141.92,1,0,2,105.75,141000
9000,8,2551.56,3,0,2,940,262500
9340,4,1053.76,2,0,1,105.75,113000
9945,5,1512.74,2,0,2,111.625,128500
10859,5,1698.4,1.5,0,2,111.625,145000
10192,7,2158,3,1,2,129.25,170000
11198,9,2938.64,2.5,1,3,94,325000
13695,5,1701.32,2.5,0,2,111.625,159000
11394,9,2879.24,2.5,1,3,94,394432
9375,7,2607.8,2.5,1,2,129.25,263000
11096,8,2243.68,2,0,3,940,249700
8430,5,1516,2,0,0,111.625,124000
7446,4,1088.44,1,2,0,105.75,1.00E+05
8633,6,1830.54,3.5,0,2,123.375,173500
7685,6,2019.76,2.5,1,2,123.375,165600
7018,5,1928.28,3,2,2,111.625,153337
8532,5,2024.06,2,1,2,111.625,153000
9900,7,3704.78,3.5,1,3,129.25,260000
9758,5,1259.24,1,0,1,111.625,119500
15523,5,1243.92,2,1,1,111.625,133500
8461,6,1679.04,2.5,1,2,123.375,163990
7500,5,1443.2,2.5,0,1,111.625,154000
12108,4,1883.1,2,0,0,105.75,118000
1950,6,1709.24,3.5,1,2,123.375,151000
10994,8,2688.32,3,1,2,940,257000
10140,6,1647.92,2,1,2,123.375,165000
9022,5,1308.56,1,0,1,111.625,109500
13000,6,2584.88,2.5,1,1,123.375,193500
6853,8,2091.3,3,0,2,940,220000
9000,6,1750.88,2,1,1,123.375,139000
11616,6,1913.26,2.5,1,2,123.375,158900
14115,5,1853.28,2.5,0,2,111.625,143000
7024,5,1728.4,2.5,0,2,111.625,157000
14175,5,2254.52,2.5,1,2,111.625,168000
4456,4,1747.84,2,0,0,105.75,113000
9017,7,2027.68,3,0,2,129.25,192000
8500,7,1868.16,2,0,2,129.25,179600
3635,7,2269.48,3,1,3,129.25,175900
13704,7,2327.44,2,1,3,129.25,205000
6993,5,1630.86,1,1,1,111.625,135000
4923,8,2480.94,2.5,1,2,940,286000
10570,8,3114.14,2.5,2,2,940,315000
16492,6,2187.22,2.5,1,2,123.375,190000
12376,7,4358.98,4,2,3,129.25,320000
8816,6,1486,2,0,2,123.375,155000
13072,6,1804.54,2.5,0,2,123.375,158000
9120,6,1812.68,2,1,2,123.375,163000
9100,5,1154.92,2,0,1,111.625,117500
7800,5,1650.16,2,0,1,111.625,119900
9204,5,1298.06,2.5,0,1,111.625,124000
15306,8,2284.96,3,1,3,940,283463
12257,8,3114.96,2.5,1,3,940,290000
12456,10,2717.92,3,1,3,103.4,337500
14006,7,2204.16,2.5,1,2,129.25,192500
21535,10,5713.66,4.5,2,3,103.4,755000
5350,3,1672.9,1,0,0,99.875,76500
11341,5,2172.36,2.5,1,2,111.625,121500
10793,5,2034.9,2.5,0,2,111.625,152000
13837,7,2764.16,2.5,0,3,129.25,229000
13825,5,1951.04,2,0,1,111.625,140000
13688,9,3660.96,3.5,2,3,94,412500
6292,7,1758.08,3,1,1,129.25,145000
10562,8,3196.72,2.5,1,3,940,325624
12205,6,2707.22,2.5,0,2,123.375,187500
8635,5,1562.48,2,0,1,111.625,127000
11362,8,2887.28,3,1,3,940,280000
9855,6,2091.08,1,1,2,123.375,127500
10659,5,1873.7,2,0,1,111.625,136500
9337,6,2340.72,3.5,0,2,123.375,204750
8123,6,2187.36,2.5,1,2,123.375,179000
8990,7,2161.46,2,0,2,129.25,204900
8263,6,1411.52,1,1,1,123.375,118400
8248,3,1206.22,2,0,0,99.875,67000
8600,6,1594.4,2,1,1,123.375,119500
3880,5,1226.34,1,0,0,111.625,110500
11838,8,2524.88,2,1,2,940,236500
10316,7,2510.46,3.5,1,3,129.25,235000
9900,7,2410.96,2.5,1,2,129.25,176000
15576,6,2056,2,0,1,123.375,177000
8521,5,1419.96,1,1,1,111.625,125000
10800,5,2222.36,3,0,1,111.625,139000
5330,8,2527.04,3,0,2,940,251000
14331,8,2916,3,1,3,940,312500
11584,7,2200.1,2.5,1,2,129.25,197000
13031,6,2099.58,2.5,1,2,123.375,187500
12358,5,1310.54,1.5,0,2,111.625,128500
9742,8,2525.78,2,1,2,940,230000
17542,7,2287.18,3.5,2,2,129.25,294000
7758,5,1560.72,2,0,1,111.625,132500
15750,5,1914.5,2,2,1,111.625,157000
9842,4,1224,2,0,2,105.75,101800
10778,4,2263.04,2,0,0,105.75,136500
6792,7,1860.88,2,1,2,129.25,202665
7862,6,1648.74,2,0,2,123.375,208300
5500,4,1128.96,1,0,0,105.75,103200
8773,7,1982.96,2,0,2,129.25,185500
12150,5,2089,2,0,1,111.625,131500
9600,5,1742.48,1,0,1,111.625,125000
8925,8,1957.68,2,0,3,940,201000
12513,4,1938.2,2,1,1,105.75,104900
7931,5,1587.56,1.5,1,1,111.625,155000
9590,7,1741.64,3,1,2,129.25,187500
7677,5,1160.44,1,0,1,111.625,110000
9084,7,1916.2,2.5,1,2,129.25,176500
14364,7,2786.66,3.5,1,2,129.25,277000
8800,6,1859.98,2,2,1,123.375,160000
6120,5,1868,1.5,0,2,111.625,141500
6930,5,2019.92,2,0,1,111.625,130000
8125,7,1892.64,2.5,0,2,129.25,205950
11782,5,1854.26,2,0,2,111.625,148000
6762,7,1860.06,3,0,2,129.25,206000
3842,8,2546.62,4,1,2,940,275000
9920,5,1528,2,0,1,111.625,128000
7590,6,1889.36,1.5,1,2,123.375,155000
9600,6,2152.9,2.5,1,2,123.375,187000
16466,5,1696.5,1.5,0,1,111.625,135500
5684,6,1131.04,1,0,1,123.375,110000
15138,8,3704.62,3.5,1,3,940,403000
8198,7,2097.28,3,1,2,129.25,207000
7200,5,1510.72,1,0,2,111.625,123000
8385,5,1569.5,2,0,1,111.625,149900
12444,8,2926.56,3,1,3,940,394617
3982,8,2532.24,3,1,3,940,264561
4712,4,1599.96,2.5,0,1,105.75,121600
5500,5,1061.72,2,0,2,111.625,130000
8450,5,1650.58,2,1,1,111.625,138500
8546,4,1567.92,2,0,2,105.75,140000
6240,6,1113.92,1,1,2,123.375,114500
13472,10,3316.32,2,1,3,103.4,386250
4435,6,1290.94,2,0,2,123.375,144000
10186,7,2366.4,3.5,1,2,129.25,190000
8877,4,1704.88,1,0,2,105.75,102000
11777,5,1954.84,2,2,2,111.625,164500
11250,4,2097.12,2,2,1,105.75,161500
6173,5,1326.98,1,0,1,111.625,125500
9750,7,2835.74,3.5,1,2,129.25,274300
7560,5,1778.32,1,0,1,111.625,139000
11851,7,1867.92,2,0,2,129.25,180500
7892,6,1675.12,2,0,2,123.375,153900
6600,5,1289.28,2,0,2,111.625,138000
6000,6,1630.4,1,1,1,123.375,132500
6768,6,1521.12,3,0,1,123.375,142000
7945,5,1384.02,2,0,1,111.625,141000
8176,5,1605.48,2,0,1,111.625,139000
11287,7,2401.46,2.5,1,2,129.25,228500
7200,4,1063.2,1,0,2,105.75,109900
10320,6,1926.34,1,0,1,123.375,135000
11070,7,2492.96,3,0,3,129.25,171000
12464,5,1654.96,2,0,2,111.625,152000
12537,5,1600.04,2.5,1,2,111.625,149900
3378,7,1682.16,1.5,2,1,129.25,135000
7153,6,2031.38,2.5,0,2,123.375,175900
7200,5,1509.26,2,0,2,111.625,140000
12155,6,1940.48,2,0,1,123.375,140000
10728,8,2405.44,2.5,1,3,940,266000
11302,8,2932.12,3,1,3,940,319000
12134,8,2046.22,2,0,2,940,164000
6120,5,1907.92,1.5,0,1,111.625,137500
10708,5,2513.54,2,3,1,111.625,190000
7535,5,1357.98,2,0,1,111.625,120000
8400,5,2113.52,2,0,1,111.625,145000
5400,5,983.2,1,0,1,111.625,86000
6979,6,1876.96,2,0,2,123.375,144000
6000,6,1371.44,1,0,2,123.375,134900
14859,7,2274.88,2,1,3,129.25,240000
13651,7,3595.44,3,2,2,129.25,244000
10150,5,1304.16,1,0,1,111.625,114500
13526,5,1259.8,2,0,1,111.625,137000
13350,5,1513.94,2,1,2,111.625,142500
6000,6,1243.92,1,0,1,123.375,119000
21286,5,1567.64,2,1,1,111.625,135000
17500,7,3164.52,3,2,2,129.25,335000
7018,5,2335.48,2,0,2,111.625,142953
9675,7,2423.34,2.5,1,2,129.25,253000
7750,7,1543.2,2.5,0,2,129.25,162000
9587,7,1602.18,3,0,2,129.25,190000
4403,7,2178.2,3.5,1,2,129.25,222000
12925,6,2747.5,2.5,2,2,123.375,237500
10440,6,3800.3,2,2,2,123.375,256000
14442,6,2677.96,3,2,2,123.375,257500
11606,5,2773.9,3,2,2,111.625,135000
7658,9,2566.48,3,1,2,94,319900
9750,7,2273.6,2,1,2,129.25,213000
6155,6,1607,2,0,2,123.375,128000
9520,8,2712.78,3,1,3,940,293077
9842,5,3037.24,3.5,0,2,111.625,189000
8846,6,1738,2.5,0,2,123.375,173900
3010,7,1669.2,2,0,2,129.25,167240
5400,5,1472,1,0,1,111.625,108480
8068,6,2661,2.5,1,2,123.375,2.00E+05
1680,6,1221.24,2.5,0,1,123.375,1.00E+05
7200,5,1474.94,2,0,1,111.625,85000
8400,6,1243.22,2,0,1,123.375,129000
6060,4,1451.16,1,0,1,105.75,1.00E+05
10624,5,2246.02,3,0,1,111.625,119000
7875,7,1788.24,2.5,1,2,129.25,180000
9170,5,1898.36,2,0,2,111.625,140000
3182,7,1998.4,2,1,2,129.25,191000
6000,4,1153.28,1,0,1,105.75,107900
9100,7,1551.36,2,0,2,129.25,178000
5395,8,2052.38,3,1,2,940,180000
10152,5,1533.24,2,0,1,111.625,135000
11900,6,2093.76,2.5,2,2,123.375,166000
8244,7,2055.6,2.5,1,2,129.25,183500
5389,8,2685.14,3,1,2,940,236500
8250,5,1465.2,1,1,1,111.625,134000
10010,5,2243.98,2,1,2,111.625,170000
8400,4,1219,1,0,1,105.75,82000
16692,7,3369.04,4.5,2,2,129.25,250000
14115,7,2349.82,3,2,2,129.25,187500
2308,6,1661.1,3.5,1,2,123.375,147000
3950,6,1695.52,1,0,1,123.375,115000
9600,6,2093.52,3,1,2,123.375,181500
9245,5,1473,2,0,2,111.625,145000
10142,7,2584.48,3.5,0,2,129.25,233000
12640,6,2406.56,2,0,2,123.375,150900
9120,6,2316.08,2.5,1,2,123.375,185000
9525,6,2379.36,2,0,1,123.375,136900
10970,6,1348.82,2,0,2,123.375,147000
18030,5,3044.36,3,1,0,111.625,200500
9037,8,2052.08,2,1,2,940,265900
6000,3,1604.82,1.5,0,1,99.875,120000
10237,6,1754.88,2,1,2,123.375,169990
40094,10,6686.4,4.5,1,3,103.4,184750
6563,8,2873.16,3,1,2,940,275000
9042,6,2242.84,3.5,2,2,123.375,192000
10175,6,1971,2,1,2,123.375,180500
9858,5,1268.92,2,0,1,111.625,130000
7200,5,1300.01.15,2,0,1,111.625,133900
13673,5,2039.2,1.5,1,1,111.625,143900
4400,6,1299.44,1,0,2,123.375,116000
9000,6,1723,1.5,1,1,123.375,141000
9572,8,3361.44,2.5,1,2,940,302000
7200,6,1789.3,2,1,1,123.375,125000
8471,6,1696.12,2,1,2,123.375,151000
10665,7,2302.22,3,0,2,129.25,226000
1974,4,1496.28,1.5,0,1,105.75,83500
16381,6,2941.8,3,1,2,123.375,223000
6858,6,2045.16,2.5,0,1,123.375,128000
24682,6,1992.88,2.5,1,2,123.375,181000
9158,8,2123.04,2,0,2,940,225000
12886,5,1930.04,3,1,2,111.625,175000
9000,2,629.4,1,0,1,94,35311
8100,5,2392.12,2,0,2,111.625,153500
6204,4,2122,2,0,1,105.75,118500
10267,6,1058.36,2,0,1,123.375,130000
8738,7,2683.04,2.5,1,2,129.25,230000
8930,6,1902,2,0,2,123.375,112000
11952,7,2195.24,2.5,1,2,129.25,190000
3951,6,1582.56,2.5,0,2,123.375,164500
7844,6,1650.86,1.5,1,2,123.375,149500
11932,8,2041.6,2,0,3,940,235128
7500,7,2130.32,2.5,1,2,129.25,189000
23257,7,2344.04,2.5,1,2,129.25,274725
5436,4,1674.18,2,0,1,105.75,125500
9600,7,1489.92,1.5,0,2,129.25,140000
9786,6,2169.36,1.5,1,2,123.375,159000
8000,5,2304,2,0,0,111.625,141000
5062,7,2756.42,3,1,2,129.25,207500
6955,7,1779.04,2,1,2,129.25,202500
10005,7,2736.56,2.5,1,2,129.25,192000
9100,5,1213.5,2,0,2,111.625,129900
9000,5,1633.68,1,0,1,111.625,118000
14541,8,3371.82,3.5,1,3,940,310000
10530,6,1569.5,2,0,2,123.375,135000
4435,6,1291.24,2,0,2,123.375,136500
11600,6,1975.74,1.5,0,1,123.375,145250
31770,6,2329.9,2,2,2,123.375,215000
7399,7,2425.7,2.5,1,2,129.25,239000
10120,7,2380.32,1.5,1,1,129.25,122000
8910,6,1742.86,2,1,2,123.375,159500
11844,8,2884.12,2.5,1,3,940,372500
32668,6,3626.5,4,2,2,123.375,200624
7200,5,1804.04,1.5,0,1,111.625,125500
36500,5,2438.72,3,0,2,111.625,190000
8450,7,1845.12,2,0,2,129.25,179000
10690,5,1963.2,1,0,1,111.625,147000
13478,10,3635.6,3.5,1,3,103.4,451950
10400,7,1675.2,2,1,2,129.25,152000
9950,7,3256.42,2.5,1,3,129.25,290000
12085,8,2520.72,3,1,3,940,318000
7350,5,1474.16,2,0,2,111.625,139000
8872,5,1537.86,2,0,2,111.625,147000
9790,6,1868.66,2.5,2,2,123.375,143000
7000,5,2133.4,2,0,0,111.625,107500
3636,4,1106.88,1,0,0,105.75,55000
7750,7,1724.12,2.5,1,2,129.25,180000
57200,5,1952.54,2,2,2,111.625,160000
13360,5,1461.9,2,0,2,111.625,163500
1526,4,960.9,2,0,1,105.75,86000
2368,5,1837.5,1.5,0,2,111.625,125000
4590,8,2151.44,2,1,2,940,209500
6882,6,1732.04,1.5,0,0,123.375,127000
2500,7,2170.5,2.5,1,1,129.25,155000
11310,6,1781.76,1,1,2,123.375,140000
7758,7,2176.4,1.5,2,1,129.25,169500
7406,7,1869.22,3,0,2,129.25,194000
9179,7,2294.74,3.5,0,2,129.25,193000
9600,5,1195.6,2,0,2,111.625,135000
14892,9,2662.08,3,2,3,94,377500
8000,6,1448.16,2,1,1,123.375,132000
13907,5,1451.16,2,1,0,111.625,108000
9066,8,2557.2,2.5,2,3,940,230000
10678,8,3579.64,2.5,1,2,940,285000
11846,9,2930.78,3,1,3,94,374000
159000,6,2835.82,3,2,2,123.375,277000
8750,5,1530.96,2,0,2,111.625,148500
18890,5,3238.2,3,1,2,111.625,190000
8525,5,2380.8,1.5,0,0,111.625,130000
3363,7,2013.28,2,0,2,129.25,130000
11796,7,2296.56,2.5,1,2,129.25,215000
6627,3,720,1,0,1,99.875,72500
10625,5,1063.4,1,0,1,111.625,83000
10921,4,1459.2,2,0,1,105.75,94750
11645,7,2016.8,2.5,0,2,129.25,196500
8814,7,1986.62,3,0,2,129.25,203000
7500,7,1756.72,2,1,2,129.25,176000
4426,6,1294.54,2,1,2,123.375,149300
8814,7,2617.58,3.5,1,2,129.25,220000
10896,6,3448,2,0,0,123.375,2.00E+05
9588,8,3107.36,2.5,1,3,940,276000
10226,8,2117.76,3,1,3,940,295493
7875,5,1635.92,2,0,2,111.625,139950
10382,6,1413.54,2,0,1,123.375,140000
5520,6,2254.2,1,0,0,123.375,104000
9262,8,2047.24,2,1,3,940,287090
6000,5,1411.68,2,0,0,111.625,102000
10650,5,1225.86,2,0,1,111.625,128200
6300,6,2042.48,2,1,0,123.375,128000
7134,5,1622.72,1,1,2,111.625,130000
8012,6,1935.34,3,1,2,123.375,193000
7930,6,1457.24,2,0,2,123.375,156000
10800,5,2968.36,2,1,2,111.625,160000
11717,6,2075.78,2,1,2,123.375,185000
8400,5,1651.36,2.5,0,1,111.625,138500
3013,7,1996.2,2,1,2,129.25,213490
8294,4,1112.24,1,0,4,105.75,123000
11957,8,2194.4,2,1,3,940,232000
19690,6,2584.96,2,1,2,123.375,274970
13072,6,1460.48,1.5,0,2,123.375,142500
6240,6,1742.02,1,1,1,123.375,127500
10200,5,1384.72,2,0,2,111.625,144900
14762,5,2456.6,2,1,2,111.625,169000
11888,6,2654.16,2,0,2,123.375,214500
13891,10,3256.28,3.5,1,3,103.4,465000
14145,7,2126.1,3,0,2,129.25,202500
9503,5,1685.5,2,1,1,111.625,144000
9142,6,2360.16,2,0,1,123.375,137000
8121,6,2024.84,2.5,1,2,123.375,172400
10200,6,2291.86,3,1,2,123.375,175000
9200,5,1237.06,2,0,1,111.625,130250
5000,1,334,1,0,0,117.5,39300
2268,7,2031.62,2,0,2,129.25,173000
8846,5,1247,1,0,2,111.625,148000
7200,7,2123.36,2.5,0,2,129.25,157000
1680,6,1406.16,1.5,0,0,123.375,91500
7407,6,1936.8,2,0,2,123.375,149700
11367,8,2738.18,3.5,1,2,940,255000
2522,7,2012.6,2,0,2,129.25,130000
7990,5,1182.72,1,0,1,111.625,110000
8004,8,2451.16,3.5,0,2,940,263435
11075,6,2451.28,2.5,2,2,123.375,206900
8475,4,1286.96,1,0,1,105.75,135750
10800,5,1689.9,2,1,2,111.625,120000
26178,7,3367.3,3.5,2,2,129.25,335000
17503,6,1832.4,2,1,1,123.375,97500
12090,6,2103.84,2,1,2,123.375,175500
13517,6,1877.1,2.5,0,2,123.375,130500
11249,6,1504.68,3,0,2,123.375,177500
6820,8,1758.64,2.5,0,2,940,212000
6911,5,1743.1,1,0,2,111.625,1.00E+05
5664,8,2473.88,3,1,2,940,278000
9825,5,1664,2,0,0,111.625,1.00E+05
8885,5,1245.18,2,0,2,111.625,131000
5000,5,2256.64,2,1,1,111.625,127000
7226,7,1899.44,2.5,0,2,129.25,183000
14260,8,2901.34,3.5,1,3,940,250000
9291,6,2216.04,2.5,0,2,123.375,187000
14054,7,2122.72,2.5,1,3,129.25,219210
11885,8,2729.52,3.5,1,2,940,261500
34650,5,1832.16,2,0,2,111.625,145000
9492,5,1689.96,2,1,1,111.625,105000
1680,6,1239,1.5,0,1,123.375,88000
8800,6,1619.38,2,0,2,123.375,137500
9364,6,1677.74,1.5,0,1,123.375,158000
12209,6,2624.22,3.5,1,2,123.375,215000
8730,6,1591.44,1,0,1,123.375,153575
4435,6,1369.94,2,0,2,123.375,131500
10628,7,1867.96,2,1,2,129.25,167000
3180,7,1420.8,2.5,0,2,129.25,144152
14226,8,2746.1,2,1,3,940,395000
10000,8,2068.64,2,1,3,940,227000
2544,7,1443.8,2.5,0,2,129.25,147400
10452,6,1550.32,1,2,2,123.375,155000
10637,8,2745.96,3,1,3,940,297000
16259,9,3217.72,3.5,0,3,94,342643
6120,7,2276.76,2,2,2,129.25,129900
2308,6,1969.68,3.5,1,2,123.375,155000
13860,8,3929.14,3.5,3,2,940,345000
1680,5,1547.7,2.5,0,1,111.625,119500
9505,7,2410.2,2.5,1,2,129.25,222500
9084,4,1795.8,2,1,1,105.75,108000
10791,4,1296,2,0,2,105.75,90000
7819,6,1585.44,2,1,2,123.375,107000
11526,6,2335.64,2,1,2,123.375,191000
4274,7,2013.08,2.5,0,2,129.25,199900
12461,8,2775.68,3,1,3,940,262000
9000,6,1083.6,1,0,2,123.375,76000
6000,5,1280.24,1,0,1,111.625,112500
11103,7,1659.84,2.5,1,2,129.25,155835
9313,7,2130.66,2.5,0,2,129.25,190000
10574,8,2395.16,2.5,1,3,940,252000
14781,8,2397.84,2,1,3,940,275000
9600,8,3951.8,3.5,1,2,940,278000
11120,6,1774.96,2,0,2,123.375,162500
16635,6,2573.16,3,1,2,123.375,215000
8750,7,2552.48,3.5,1,2,129.25,210000
16321,5,2783.58,2,2,1,111.625,207500
3182,7,1982.4,2,1,2,129.25,181000
12256,8,3482.16,3.5,2,2,940,325000
9130,6,1990.08,2.5,0,2,123.375,173000
16905,5,2079.3,2.5,2,1,111.625,170000
7128,7,2012.24,2,2,1,129.25,164000
10500,4,1346.64,1,0,2,105.75,97000
11839,7,3283.34,3.5,1,2,129.25,262280
12203,8,3366.2,3.5,1,3,940,336000
9084,5,1277.64,2,0,1,111.625,95000
11340,4,2607.88,2,0,2,105.75,122500
70761,7,2325.94,3,2,2,129.25,280000
8556,7,1748.4,2,0,3,129.25,194000
10357,7,2113.4,3,1,2,129.25,179900
8767,7,1684,2,1,2,129.25,164990
10004,6,1902.68,1.5,0,2,123.375,167000
10395,6,1502.46,3,1,2,123.375,148000
10437,8,3395.44,3.5,1,3,940,350000
7150,5,1271.36,1,0,1,111.625,1.00E+05
10020,1,1200.24,1.5,0,0,117.5,61000
9938,7,2636.72,3.5,1,2,129.25,236000
9760,6,2390.98,2.5,1,2,123.375,187000
9317,7,2507.74,3.5,1,2,129.25,213000
10800,4,1706.4,2,0,0,105.75,106250
12508,6,2512.42,3,0,1,123.375,160000
14587,9,2064.64,2,1,2,94,264132
16059,8,2921.98,2.5,1,2,940,260000
1890,4,1009.46,2,0,0,105.75,81000
11241,6,1458.52,2,1,2,123.375,149000
1936,4,705.98,2,0,0,105.75,84500
12393,7,2223.56,2.5,1,2,129.25,195000
9600,5,1776.34,1,1,1,111.625,147000
6240,4,1228.96,1,0,2,105.75,103000
8712,5,1841.76,2,0,1,111.625,153000
12936,6,1868.14,2.5,1,2,123.375,162000
7700,5,1098.84,2,0,2,111.625,112500
10800,5,1970.4,6,0,0,111.625,179000
7313,9,2507.44,3,1,2,94,277500
11553,5,1944.1,1.5,1,1,111.625,158000
13418,8,2860.42,3.5,1,3,940,309000
15602,7,2638.58,3,2,2,129.25,289000
13214,9,2639.36,2,1,3,94,378500
11478,8,2586.52,3,1,3,940,306000
12378,9,3126.04,3,3,3,94,360000
7740,4,1537.16,1,0,2,105.75,125500
8012,6,2190.76,3,0,2,123.375,179200
115149,7,2923.74,3,2,2,129.25,302000
13600,5,2567.96,2,0,2,111.625,90000
6900,5,1091.1,1,1,1,111.625,120500
7175,6,1332.2,2,0,1,123.375,125000
10208,7,2834.32,2.5,1,3,129.25,265000
9600,4,2159.8,3,0,3,105.75,87000
4500,6,2074.82,3,0,2,123.375,165000
13811,6,1808.66,3,1,2,123.375,176000
12438,8,3202.4,2.5,1,3,940,361919
6120,4,1868.04,1,0,1,105.75,133000
6780,6,845.46,2,0,0,123.375,84500
9735,5,1501.52,2.5,0,2,111.625,167500
13891,8,2690.4,3,1,3,940,372402
5790,3,2017.96,2,0,1,99.875,107400
9790,6,1625.06,2,1,2,123.375,161500
14598,6,2197.72,2.5,1,3,123.375,214000
10635,8,2180.4,3,1,2,940,232000
9800,5,1571.24,2,0,2,111.625,149900
13560,6,1992.96,2,2,2,123.375,110000
16770,7,2238.4,2.5,0,2,129.25,221000
9320,4,1879.94,2.5,0,0,105.75,128950
8246,5,1549.88,2,1,1,111.625,154000
5362,5,1506.36,2,1,2,111.625,139000
8520,5,1400.96,1,0,2,111.625,1.00E+05
11409,5,2018.64,1.5,1,1,111.625,131000
12328,6,1479.06,2,0,3,123.375,169900
17400,5,1754.88,3,1,2,111.625,160000
7244,5,1233.22,2,0,2,111.625,129500
8849,9,2528.42,2,1,2,94,266000
7056,6,2174.4,2.5,1,2,123.375,140000
5825,4,943.16,1,0,2,105.75,79900
10839,6,1892.08,2.5,1,2,123.375,181000
11500,7,2408.66,1.5,1,1,129.25,250000
9500,6,2027.82,2.5,2,2,123.375,159000
6000,6,1536.3,2,1,2,123.375,131000
6600,5,2879.92,2,0,1,111.625,107500
12122,7,1673.5,2,0,2,129.25,178400
9600,5,1771.88,2,0,2,111.625,132000
1300,6,1564.58,1.5,1,2,123.375,124000
9986,8,2336.8,2,1,3,940,147000
6951,5,1590.12,2,0,1,111.625,119500
8765,4,1325.18,1,0,1,105.75,106500
10900,6,1727.12,1.5,0,1,123.375,161750
7018,5,1535,2,0,2,111.625,118964
7390,5,1676.04,2,0,1,111.625,135000
14963,8,1975,2.5,2,2,940,245500
7018,5,1535,2,0,2,111.625,118858
5381,6,2097.48,3,1,2,123.375,196000
12003,8,2244.72,2.5,1,3,940,269500
9600,6,1375.2,1,0,0,123.375,79000
10927,8,2523.02,3.5,1,2,940,275000
4251,7,1468.2,2.5,0,2,129.25,164700
9200,8,3390.2,3.5,1,3,940,315000
9125,7,1671.52,2.5,1,2,129.25,163900
1680,6,1238.34,1.5,0,1,123.375,85400
4920,8,2047.04,3,0,2,940,213500
8993,7,1684.16,2,0,2,129.25,176485
14601,9,2952.44,3,1,3,94,315000
3182,8,1734.4,2,1,2,940,192000
11248,9,2636.32,3,1,3,94,285000
63887,10,9279.6,4.5,3,2,103.4,160000
3180,7,1420.8,2.5,0,2,129.25,151000
8854,6,1296.96,1,1,1,123.375,121000
8740,5,1296.8,2,0,2,111.625,137000
13758,7,2444.24,2.5,1,2,129.25,187500
6120,2,873.92,1,1,0,94,60000
10197,6,1741.04,2.5,1,2,123.375,163000
46589,8,3643.36,3.5,1,3,940,402000
8926,4,1187.84,1,0,1,105.75,112000
7060,7,2113.02,4,0,4,129.25,206300
10615,3,2164.04,3,0,2,99.875,95000
12220,10,3152.4,3.5,1,3,103.4,402861
9600,4,1678.16,2,0,2,105.75,128000
10625,7,1782.3,3,2,2,129.25,170000
13869,6,1806.92,3,0,2,123.375,177000
6897,5,1612.1,2.5,0,1,111.625,127000
3182,7,2048.9,2,1,2,129.25,192500
7931,5,1813.84,2,0,1,111.625,132500
11475,6,2212.62,3.5,1,2,123.375,179900
9100,5,2611.44,3,0,2,111.625,125000
13132,5,2025.16,1.5,0,1,111.625,138887
11216,8,2017.92,2,1,2,940,232600
9000,8,2429.4,2.5,1,3,940,270000
8450,5,1814.1,2,1,1,111.625,142000
13286,9,2797.58,3,1,3,94,320000
8520,5,1791.9,2,0,2,111.625,166000
4060,6,1864.6,3,0,2,123.375,181000
10140,7,1976.4,3,1,2,129.25,213250
16056,9,3716.84,3.5,1,3,94,556581
8973,5,1561.5,2.5,0,2,111.625,150000
12493,4,1668.12,2,1,1,105.75,141000
10800,7,2919.28,1.5,0,2,129.25,159500
25000,5,2088.96,2,0,2,111.625,143000
10480,7,2364.94,2.5,1,2,129.25,205000
8314,5,1312.44,1,0,1,111.625,124500
7861,6,1987.34,3.5,1,2,123.375,183200
9416,7,2763.5,3,1,3,129.25,311872
12243,5,2337.8,2,1,2,111.625,175000
10930,5,1987.64,2.5,1,1,111.625,140000
8248,5,1654.9,2.5,0,1,111.625,116000
5600,4,1092,2,0,0,105.75,55000
8769,9,2698.16,2.5,1,3,94,367294
9000,5,2185.92,1,0,1,111.625,124000
8400,5,2020,2,2,2,111.625,144000
10846,8,2785.66,3.5,2,2,940,324000
8700,5,1798.64,3,0,2,111.625,155000
3196,7,2046.38,2,1,2,129.25,234000
9638,6,2709.08,2,1,1,123.375,169000
15384,7,1987.84,3.5,1,2,129.25,184000
10140,7,1977.56,2.5,1,2,129.25,162900
8741,6,1833,1.5,1,1,123.375,113000
8405,4,1748.84,2,0,1,105.75,98000
4060,5,1182.72,1,0,0,111.625,99900
10530,6,1615.28,2.5,0,2,123.375,143250
10463,8,2143.84,2.5,1,3,940,239900
11700,7,3439.1,1.5,1,4,129.25,265979
9150,6,1977.7,2,1,1,123.375,165000
11344,5,1906.72,1.5,0,1,111.625,144000
9230,5,1691.42,2.5,0,2,111.625,146000
8393,5,2537.52,2,0,2,111.625,145000
12030,8,2454.88,2,0,3,940,318000
1920,5,1898.1,2.5,0,2,111.625,122500
8900,4,1702.08,2,0,1,105.75,107000
8100,5,2525.32,2,0,2,111.625,106000
9600,6,2587.42,1.5,1,2,123.375,129500
6240,5,1867.76,1,1,1,111.625,149000
11425,5,1541.64,1,1,1,111.625,137000
7415,6,2115.62,3.5,1,2,123.375,193000
20544,7,2364.88,2.5,1,2,129.25,215000
3182,7,1505.6,2.5,0,2,129.25,151000
9786,3,1481.2,1,1,1,99.875,91000
11316,7,2341.96,3.5,1,2,129.25,214900
3964,6,3503.22,3.5,1,2,123.375,151400
11923,9,2591.36,2,0,2,94,239000
9765,6,1947.64,2.5,1,2,123.375,185000
8029,6,1679.04,2.5,0,2,123.375,176000
9480,5,2067.8,1.5,2,1,111.625,146500
10000,8,2807.3,3.5,1,2,940,240000
5587,8,2586.4,4,1,2,940,392500
6435,6,1849.16,1,1,1,123.375,140200
9200,6,1985.8,2,1,1,123.375,140000
15863,7,3207.34,3.5,2,2,129.25,197000
8500,5,1865.76,2,0,0,111.625,115000
9245,7,2191.6,2.5,0,2,129.25,213500
7943,4,1662.02,2,0,1,105.75,118500
11435,8,1738.76,1,2,2,940,230000
12552,7,2399.88,2.5,1,2,129.25,254900
16545,8,3144.62,3.5,1,3,940,340000
9819,5,1281.96,1,0,1,111.625,122000
164660,5,2954.66,4,2,2,111.625,228950
7596,5,2228.8,2,0,2,111.625,124500
7032,5,1515.98,2,2,2,111.625,135960
7388,5,1746.14,2,0,2,111.625,150750
5400,4,1848.54,1,0,1,105.75,105000
10125,6,1942.02,3,2,2,123.375,171500
12803,7,2336.76,3,1,2,129.25,221000
14375,6,1601.9,2,1,2,123.375,137500
7000,5,1606,1,0,1,111.625,135000
7200,4,1040,2,0,2,105.75,90000
9000,8,3380.88,2.5,1,2,940,303477
8199,7,1890.96,3.5,1,2,129.25,189000
10335,7,2234.38,3,0,2,129.25,204000
13125,7,2087,1.5,2,1,129.25,219500
4750,8,2613.6,4,1,2,940,235000
12798,6,2502.94,3.5,0,2,123.375,2.00E+05
10800,7,2404.2,1.5,2,2,129.25,163000
8470,3,1433.92,1,0,0,99.875,85000
8281,5,1392.42,1,1,1,111.625,62383
1533,4,1496.88,1.5,1,0,105.75,97000
16226,8,2993.1,2.5,1,2,940,267000
11883,7,2256.22,3,1,2,129.25,203000
8125,7,1800.68,2.5,0,2,129.25,186500
10140,6,1857.84,2.5,1,2,123.375,181000
11600,4,1434.96,1,1,1,105.75,137500
10762,6,1414.68,1.5,1,1,123.375,120000
7558,6,2163.88,1.5,1,2,123.375,177000
9286,5,1789.1,1.5,0,1,111.625,143500
11645,7,2727.92,3,0,2,129.25,260000
5119,9,2667.98,3,1,2,94,328900
11170,7,3219.28,2.5,0,2,129.25,250000
8750,7,2058.4,2.5,1,2,129.25,191000
9550,7,2260.84,2,1,3,129.25,140000
4928,6,1561.64,2,0,2,123.375,143750
8944,5,2149.12,2,0,3,111.625,124000
8250,6,1633.86,2,0,2,123.375,145000
8049,7,2067.82,3,1,2,129.25,180000
11924,9,3060.34,4,2,3,94,345000
4388,5,1062.96,1,1,0,111.625,87000
11988,6,1857.42,1.5,2,1,123.375,150000
16196,7,2361.86,3,1,2,129.25,215000
10500,5,1339.56,2,0,1,111.625,139000
10475,8,2293.92,2,0,3,940,245350
4426,6,1386.92,2,1,2,123.375,141000
11200,6,2161.94,3,1,2,123.375,180000
8172,5,1156.02,2,0,2,111.625,115000
3696,8,1568.48,1.5,0,2,940,170000
11600,5,2716.3,2,0,2,111.625,154300
12474,10,3415.68,3.5,1,3,103.4,426000
8544,3,1040,2,0,2,99.875,93500
11767,4,1522,1.5,0,1,105.75,112000
8544,5,1623.84,1.5,0,1,111.625,149350
10000,5,1666.42,2,1,1,111.625,131400
21780,6,2073.08,2,1,2,123.375,185000
10007,5,1589.64,2.5,0,1,111.625,145500
18386,7,4091.84,3,1,3,129.25,295000
6000,4,1451.64,1,0,1,105.75,108500
13474,7,2960.06,3.5,1,3,129.25,225000
10712,5,1332.72,1,0,0,111.625,93500
9571,5,1633.28,1,0,1,111.625,60000
6000,5,1086.8,1,0,1,111.625,89000
12420,7,2340.12,3.5,0,2,129.25,230000
12919,9,3726.4,3.5,2,3,94,611657
11029,6,3186.82,3.5,1,2,123.375,250000
8777,5,1366.56,1,0,0,111.625,85000
6371,7,2105.18,3,1,2,129.25,224000
9750,5,1282.16,2,0,1,111.625,135500
8450,7,2210.28,3.5,0,2,129.25,208500
7820,9,2565.72,2,1,2,94,318061
11900,7,2164.72,2,1,2,129.25,82500
8816,5,1694.18,2,0,2,111.625,139000
10084,8,2780.48,3,1,2,940,307000
8737,6,2053.6,1.5,1,2,123.375,210000
10134,5,1271,1,0,1,111.625,109000
10482,6,1454.74,2,0,1,123.375,145000
10594,5,1102.6,1,0,1,111.625,96500
12900,4,2027.24,3,0,2,105.75,108959
7200,5,1303.88,2,0,2,111.625,129000
7585,5,1682.8,3,1,1,111.625,91500
10410,3,1542.96,1,0,3,99.875,105000
8562,5,2115.7,1,1,1,111.625,144500
10480,6,1463.92,1,0,1,123.375,115000
9600,5,1839.06,2,0,1,111.625,124500
9967,7,1599.52,2.5,1,2,129.25,170000
7837,6,1826.72,2.5,1,2,123.375,178000
12898,9,2521.56,3,1,3,94,315500
11404,7,2615.68,2.5,1,2,129.25,222500
11700,6,1848.96,1.5,0,2,123.375,154000
14559,5,2024.32,2,2,1,111.625,164900
3072,7,1904.28,2,1,2,129.25,178740
8755,7,2569.36,3.5,1,2,129.25,214000
14000,7,3204.7,3.5,0,2,129.25,328000
8800,4,1429.28,1,0,0,105.75,96500
9000,5,1393.28,1,0,0,111.625,80000
2117,6,1923.68,2.5,0,2,123.375,177500
8366,6,1985,2.5,0,2,123.375,173000
11751,6,2669.42,2,1,2,123.375,190000
8160,5,1439.28,2.5,0,1,111.625,126000
9600,6,2170.78,3,1,1,123.375,139000
16560,6,2762.46,2.5,1,2,123.375,239000
4017,7,1468.2,2.5,0,2,129.25,171900
1680,6,1325.84,1.5,0,1,123.375,118000
8320,7,1980.6,2.5,0,2,129.25,185900
10667,7,2050.66,3.5,1,2,129.25,212000
9600,6,2210.46,2,1,1,123.375,165500
7800,5,1315.6,1,0,1,111.625,130000
8400,7,2138.04,3,0,2,129.25,213000
7711,4,2474.22,4,0,0,105.75,150000
5250,8,2483.02,2,0,0,940,122000
9600,6,2494.18,2,2,2,123.375,167000
11184,6,2018.5,2.5,1,2,123.375,172500
12000,7,1843.62,1.5,1,1,129.25,174500
8520,6,960.44,1,0,2,123.375,105900
3922,7,1712.32,2,1,3,129.25,172500
15578,6,1659.84,2.5,0,2,123.375,172785
12772,6,1375.64,1,0,1,123.375,151500
8190,4,1461.84,2,1,1,105.75,119000
8795,7,2794.64,2.5,1,2,129.25,236000
25419,8,3858.64,4,1,2,940,235000
50271,9,3489.7,2.5,1,3,94,385000
3230,6,1808.62,2.5,0,2,123.375,172500
11475,5,2239.52,3,0,3,111.625,110000
10141,7,2026.16,2.5,1,2,129.25,185000
2289,6,1791.06,2.5,1,2,123.375,148500
10800,4,1393.6,1.5,0,0,105.75,135000
12416,6,2580.88,3,1,2,123.375,184000
21000,6,2900.58,3,2,2,123.375,217000
10182,8,2530.8,3,1,2,940,290000
7153,6,2052.64,3,0,2,123.375,179200
11250,7,2223,3.5,1,2,129.25,223500
10652,7,2037.92,2,1,3,129.25,279500
10920,6,2149.02,2.5,1,1,123.375,157000
14215,8,2972.24,3.5,1,3,135.125,325300
7449,7,1466.76,1,1,1,129.25,139400
7200,5,1249.36,2,0,2,111.625,134800
6324,4,772.54,1,0,1,111.625,68500
11049,8,1603.52,2,0,2,135.125,179900
9180,5,1466.06,2,0,2,111.625,144000
12822,7,3094.38,2.5,1,2,129.25,239686
7742,5,1451.3,2,0,1,111.625,127000
8472,5,942.04,2,0,2,111.625,110000
2645,8,2276.6,3.5,0,2,135.125,172500
13682,10,3491.4,3.5,1,3,150.4,438780
7200,5,1309.52,1,0,1,111.625,124900
7200,5,1386.12,1,0,1,111.625,101000
6442,8,1874.4,2,1,2,135.125,202500
9375,7,2937.58,3.5,0,2,129.25,219500
9591,8,3032.88,2.5,1,3,135.125,317000
15593,7,2950.14,2,1,2,129.25,225000
4500,6,2202.86,3,0,2,123.375,153500
8530,7,1713.52,2.5,1,2,129.25,168500
11911,6,1843.92,2.5,1,2,123.375,174000
8500,5,1760.8,1,0,2,111.625,98600
10264,7,2502.4,2,0,2,129.25,214000
10603,6,2579.36,3,2,2,123.375,205000
9206,6,2095.32,2.5,1,2,123.375,178000
10402,7,1598.08,2,0,3,129.25,198900
10800,4,1226.48,1,0,1,111.625,1.00E+05
9965,7,3566.72,3.5,1,3,129.25,383970
3230,6,1813.42,2.5,1,2,123.375,176000
8536,5,1540.8,1.5,0,2,111.625,155000
9464,6,1553.4,1,0,1,123.375,136000
17043,6,2086.4,2,1,2,123.375,181000
14200,7,2667.12,2.5,2,2,129.25,226000
12224,6,2593.54,3.5,1,2,123.375,244000
10335,5,2536.28,2.5,1,2,111.625,180000
10400,7,2107.88,2,1,2,129.25,174000
15426,6,2520.46,3.5,0,2,123.375,231500
2522,6,2012.6,2,0,2,123.375,130000
6120,5,1167.66,2,0,1,111.625,105000
7500,7,1586.4,2,0,0,129.25,141000
6240,5,1810.08,1,0,1,111.625,115000
13500,6,1780.44,2,1,2,123.375,235000
7200,5,1040,1,0,2,111.625,109500
5306,7,2454.64,3,1,2,129.25,239000
12615,6,2695.18,3,1,2,123.375,243000
2117,6,1867.48,2.5,1,2,123.375,177000
7588,7,2164.84,1.5,1,1,129.25,200100
9060,5,1411.92,1,1,1,111.625,120000
11426,7,2827.36,2.5,0,2,129.25,2.00E+05
9947,7,1858.7,3,0,2,129.25,173000
10410,5,1696.8,2.5,0,1,111.625,135000
7472,7,1895.4,2.5,0,2,129.25,184000
7000,6,1778.74,2,0,1,123.375,112000
8640,7,2541.16,3.5,1,2,129.25,252678
13568,5,1620.88,2,0,2,111.625,156000
10011,5,1643.6,2,1,1,111.625,134450
15660,7,2506.94,2.5,2,2,129.25,311500
1680,5,1478.4,2.5,0,1,111.625,112000
1869,6,1218.54,1.5,0,1,123.375,106000
8760,6,1633.92,2,0,1,123.375,148000
1680,6,1122.24,1.5,1,1,123.375,94500
8880,7,2687.94,3.5,2,2,129.25,205000
10400,7,2820.64,3,1,2,129.25,241500
11317,7,2046.88,2.5,0,2,129.25,180000
9350,6,1791.62,3,0,1,123.375,158000
8791,6,2299.54,2.5,0,2,123.375,207500
12702,5,918,1,0,1,111.625,97000
11207,6,2068.66,3.5,1,2,123.375,185000
8400,5,2268.64,2.5,1,1,111.625,179500
39104,7,1571.18,2,2,2,129.25,241500
11764,8,2877.2,2.5,1,3,135.125,290000
7264,7,1860.44,2.5,0,2,129.25,205000
5063,7,2109.36,3,1,2,129.25,207500
9612,8,2129.24,2,1,3,135.125,244600
8125,4,1282.44,1,0,0,111.625,88000
7937,6,1603.94,2,0,2,123.375,142500
11700,6,2144.64,3,1,2,123.375,175000
14000,6,1486.56,2,1,1,123.375,158500
10386,8,3103.36,3,0,3,135.125,305900
7920,6,1610.52,1,0,0,123.375,89500
7800,5,1492.14,2,1,2,111.625,119900
215245,7,2775.28,4,2,2,129.25,375000
13005,7,3131.76,3.5,1,2,129.25,260000
12099,8,3314.36,3.5,1,3,135.125,354000
5820,3,1731.6,2,0,1,99.875,126175
11275,7,3325.6,2.5,1,2,129.25,242000
10655,8,2729.76,3,1,3,135.125,284000
9135,7,2387.32,3,0,2,129.25,214000
12400,6,1730.7,1,0,1,123.375,155000
8544,3,1040,2,0,2,99.875,87500
5271,7,2248.44,2.5,1,2,129.25,190000
8400,6,2069.64,1,2,1,123.375,140000
9248,6,1754.44,3,0,2,123.375,173000
12011,8,2703.84,3.5,1,2,135.125,280000
7540,6,1392.54,2,1,2,123.375,156000
9144,5,1871.94,2,0,1,111.625,145000
7301,7,2077.76,3,1,2,129.25,198500
18800,6,2289,3.5,1,2,123.375,190000
7800,5,1863.44,1,1,1,111.625,132000
9830,5,1773.28,2,1,2,111.625,162000
17120,4,1635.2,2,1,2,111.625,134432
11143,8,3178.18,3,1,2,135.125,340000
9382,7,1984.44,2,0,2,129.25,191000
8405,5,1773.46,2,0,1,111.625,119000
9571,5,1713.3,2,0,1,111.625,129000
8125,7,2233.76,3,0,2,129.25,241000
10364,6,1829.68,2.5,1,2,123.375,168000
9991,4,2450.28,3,1,2,111.625,150000
14154,7,2638.28,2.5,1,3,129.25,280000
11228,7,2536.84,3.5,1,3,129.25,228000
22420,6,3346,3.5,1,3,123.375,239000
8593,4,1247.36,1,0,1,111.625,109008
6762,7,1853.74,3,0,2,129.25,195400
11457,6,2251.98,3,1,2,123.375,175000
4280,5,956.62,1,1,1,111.625,90350
12354,6,1424.32,1,0,2,123.375,110000
15431,10,3705.1,3,2,3,150.4,555000
6240,5,1874.84,2,1,2,111.625,162900
9000,8,1829.04,2.5,0,2,135.125,210000
9297,5,2693.64,4,0,2,111.625,188000
3675,6,1385.26,2,0,2,123.375,148000
13125,6,2323.04,3,1,2,123.375,208900
4500,6,1925.58,3,0,2,123.375,164000
10289,5,1624.24,2.5,0,2,111.625,156000
9490,6,1906.54,2,2,1,123.375,133000
7879,4,1589.7,1,0,0,111.625,34900
12692,8,4973.06,4,1,2,135.125,430000
9120,7,2285.98,3,0,1,129.25,184000
9803,7,2216.88,2.5,0,2,129.25,226700
9554,8,2420.2,2.5,1,2,135.125,215000
9187,6,1697.76,1.5,0,2,123.375,134000
9531,6,2258.92,3.5,0,2,123.375,211000
14948,9,3649.48,3.5,1,3,141,446261
7200,5,827,1,1,1,111.625,107500
8924,7,2168.8,2.5,0,2,129.25,188000
4058,7,1212.12,2,0,1,129.25,133000
4043,6,1580.02,2,0,2,123.375,140000
11146,8,2331.5,2,1,3,135.125,255500
8777,4,1202.8,2,0,2,111.625,108000
14850,5,1832.42,2,1,1,111.625,141000
21872,7,2012.6,3.5,1,2,129.25,175000
10171,7,1960.36,2,0,2,129.25,214000
12327,8,3231.56,2.5,1,2,135.125,316600
13101,5,2281.14,2,0,2,111.625,142600
7332,6,1334.28,2,0,1,123.375,120000
13159,7,2149.04,2.5,0,2,129.25,224500
8480,5,1769.28,1,0,1,111.625,118500
14585,6,2088.12,2,2,2,123.375,181900
11841,6,1314.88,2,0,0,123.375,118500
13500,10,3588.06,3.5,1,2,150.4,325000
11443,8,3243.96,3,2,3,135.125,369900
3600,6,1685.92,1,0,1,123.375,114504
7800,5,2503.64,4,0,1,111.625,225000
8402,5,1519.4,1,0,0,111.625,147000
1491,4,795.72,2,0,0,111.625,75500
10800,6,3493.96,2.5,1,2,123.375,240000
2117,6,1875.28,2.5,1,2,123.375,168500
10400,6,2160.82,3,1,2,123.375,165150
9020,6,1901.68,2.5,0,2,123.375,168500
12677,8,2535.14,1.5,1,2,135.125,274000
7050,7,2634.36,3.5,1,2,129.25,226000
9187,9,2821.68,3.5,1,3,141,370878
9937,5,2093.18,2,0,2,111.625,167000
10012,4,1883.64,3,0,2,111.625,137500
20896,8,3527.5,2.5,1,3,135.125,423000
4500,5,1845.92,1,0,1,111.625,159434
8089,8,2186.62,3,1,2,135.125,392000
7630,5,2161.28,2,1,2,111.625,140000
9018,7,1741.04,2.5,1,2,129.25,179540
7162,5,1149.28,1,0,1,111.625,109900
10000,5,1971.36,2.5,1,2,111.625,157000
10542,7,3605.26,3.5,1,3,129.25,341000
9920,5,1399.78,1.5,1,1,111.625,128500
4426,6,1383.24,2,0,2,123.375,143000
8120,4,1163.22,1,0,2,111.625,124500
21695,6,2385.04,3,1,2,123.375,222000
8978,5,1304.58,1,0,1,111.625,108000
9236,6,2393.88,3,0,2,123.375,217000
9100,6,1289.52,1,0,1,123.375,127500
8640,7,1906.66,2.5,0,2,129.25,215200
9430,8,3166.86,3.5,1,3,135.125,337000
9549,8,1771.46,2.5,1,2,135.125,270000
53504,8,4506.46,4.5,1,3,135.125,538000
7252,5,1378.14,2,0,2,111.625,134900
16285,7,1852.04,2,0,2,129.25,187100
9101,5,1958.12,2,1,2,111.625,165500
11333,6,1586.22,2,2,2,123.375,146800
8197,6,1555.36,1.5,1,2,123.375,143500
7200,5,2375.7,2.5,2,1,111.625,175000
4800,4,1589.98,2,0,2,111.625,109900
13891,9,3475.76,3.5,1,3,141,582933
12274,7,1872.76,2,0,2,129.25,227680
21384,5,2589.02,3.5,1,2,111.625,223500
4438,6,1370.84,2,1,2,123.375,144500
8712,5,1195.2,1,0,2,111.625,55993
9750,6,2270.16,1.5,0,1,123.375,157900
13265,8,2633.64,3,2,3,135.125,271000
6000,4,1322.24,1,0,2,111.625,93000
14803,10,3309.2,3,1,3,150.4,385000
6130,5,1340.8,2,0,0,111.625,109500
8529,7,2058.12,2,1,2,129.25,189000
9525,5,1579.08,1.5,0,1,111.625,144000
11767,5,1520.64,1,0,1,111.625,130500
9020,6,1526.44,2.5,0,2,123.375,174900
12665,5,2091.16,1.5,1,3,111.625,153900
12095,6,2041.36,1.5,1,2,123.375,158000
17920,5,2395.04,2.5,1,2,111.625,170000
8640,7,1868.16,2,0,2,129.25,250580
10656,8,2287.68,2,1,3,135.125,248900
6600,5,1144.32,1,0,1,111.625,109500
8750,6,2120.22,2.5,0,2,123.375,200500
8892,5,1192.92,1,0,2,111.625,116000
25286,4,1527.82,2,0,2,111.625,132250
9636,6,2063.28,2.5,1,2,123.375,178000
15865,8,2928.44,3,1,2,135.125,268000
12160,6,2233.6,2,1,2,123.375,149500
8064,5,1112.16,1,1,2,111.625,122900
13284,5,2499.06,2,1,1,111.625,165000
7340,4,1194.84,1,0,1,111.625,110000
12589,6,1733.28,2.5,1,2,123.375,174000
6120,5,1475.3,1,0,1,111.625,88000
6270,5,2367.48,2,0,3,111.625,145000
3000,6,1670.76,2.5,0,2,123.375,173733
2001,4,1244.88,1.5,0,1,111.625,75000
17140,4,1864.22,1,0,1,111.625,135000
13125,7,2668.36,3.5,1,3,129.25,238000
11029,6,1829.64,2,1,2,123.375,176500
11999,8,2849.16,2.5,1,3,135.125,285000
27650,7,2360.3,3,1,2,129.25,242000
10083,7,1811.98,3,0,2,129.25,184900
9360,6,2000.68,2.5,1,2,123.375,197500
11075,5,2642.38,3.5,1,2,111.625,172000
7136,6,2377.32,2,0,2,123.375,145000
2572,7,1827.28,3.5,0,2,129.25,155000
7207,5,1379.58,2,0,0,111.625,116500
10237,6,1760.84,2.5,1,2,123.375,178900
9600,5,1696.24,2.5,2,1,111.625,160000
5925,3,1136,1,0,0,99.875,37900
7892,6,1192.4,2,1,1,123.375,99500
11639,7,1923.84,2,0,2,129.25,182000
11414,7,2646.42,1,0,2,129.25,167500
2651,7,1897.6,3.5,0,2,129.25,165000
5900,4,992.2,1,0,0,111.625,85500
9450,4,1309.92,1,0,2,111.625,110000
11250,8,2605.84,2.5,1,2,135.125,255900
10880,5,1840.32,2,0,1,111.625,125000
10206,3,944,1,0,2,99.875,82000
11500,5,2150.4,2,0,2,111.625,136905
12155,6,2492.06,3,1,2,123.375,163500
12118,7,2289.2,2,1,2,129.25,240000
7024,4,1963.6,2.5,0,2,111.625,176000
9300,5,1828.14,2,2,2,111.625,167500
1680,6,1523.66,2.5,0,1,123.375,118000
8125,7,2521.72,3,0,3,129.25,230000
6305,5,1211.6,1,1,1,111.625,119750
9240,8,2594.4,2.5,1,2,135.125,287000
13125,5,1979.96,3,1,2,111.625,155000
11100,4,930,1,0,1,111.625,84900
11175,7,1700.48,2,1,2,129.25,200141
9500,6,2379.68,2.5,1,2,123.375,165000
7052,7,2091.46,3,1,2,129.25,185850
29959,7,2483.5,2.5,1,2,129.25,248000
11275,6,2179.98,1.5,1,2,123.375,220000
6000,6,1729.86,1,1,2,123.375,110500
9760,6,2307.68,2.5,0,2,123.375,167900
4435,6,1370.84,2,1,2,123.375,155900
7500,5,1772,2.5,0,1,111.625,133000
9069,6,1556.58,2,0,2,123.375,147000
2522,7,2012.6,2,0,2,129.25,137500
8544,3,1040,2,0,2,99.875,92900
2160,7,1611.4,3.5,0,2,129.25,160000
8400,6,2476.26,2,1,2,123.375,136500
5868,5,1275.68,2,0,1,111.625,129000
9317,6,1706.72,2,1,2,123.375,176432
6000,4,1713.76,1,0,1,111.625,128000
8400,2,606.2,1,0,1,94,60000
2016,5,1478.4,2.5,0,2,111.625,106000
7100,5,1256.88,2,0,1,111.625,129900
8923,5,1497.54,2,0,1,111.625,134500
9764,5,1354.92,2,0,2,111.625,130000
9405,5,1053.44,2,0,0,111.625,118000
14572,7,2466.48,3,1,3,129.25,259000
9900,6,2530.64,2,0,1,123.375,117500
9828,8,2635.04,2.5,1,2,135.125,239500
6180,6,1357.2,1,1,1,123.375,102000
9819,6,2665.14,3,2,2,123.375,196000
5700,7,1426.04,1,1,1,129.25,116900
9000,7,1851.2,2,0,2,129.25,143000
8280,6,1381.28,1,1,1,123.375,124000
14115,6,2293.48,1,1,2,123.375,230000
5890,6,1290.36,1,0,1,123.375,120500
13700,7,2302.52,2,2,2,129.25,201800
5001,7,2109.36,3,1,2,129.25,230000
8724,5,1291.92,1,1,2,111.625,129000
16157,5,2155.48,2.5,1,2,111.625,194000
9541,7,2013.76,2,0,2,129.25,233170
13728,6,2611.36,2,2,2,123.375,235000
9880,6,1707.34,2,1,1,123.375,171000
8335,5,1320,1,1,0,111.625,93000
15623,10,5838.08,4.5,2,3,150.4,745000
32463,4,2319.42,2,1,4,111.625,168000
8850,7,2208.6,1,1,1,129.25,144000
11235,4,1905.98,1.5,1,2,111.625,148000
9353,4,1105.92,1,0,1,111.625,116050
10400,7,2050.28,2.5,0,2,129.25,197900
6000,5,1778.56,2,1,1,111.625,117000
10140,5,1676.48,2.5,0,2,111.625,153500
10246,4,1335.84,2,0,1,111.625,145000
8640,8,2048.4,3,0,2,135.125,229456
6240,4,912,1,0,0,111.625,80500
7800,5,1092.96,1,0,1,111.625,115000
10496,6,2196,2,1,1,123.375,143000
10680,5,2984.88,2,0,2,111.625,137900
7910,5,2007.8,2,0,1,111.625,127000
12160,5,1820.64,2,0,2,111.625,142000
8158,7,2230.92,3.5,0,2,129.25,224900
9849,7,2206.72,2,0,3,129.25,248328
12090,6,2121.4,3.5,1,2,123.375,178000
7200,5,1430.6,1,0,1,111.625,119000
6931,7,1967.28,2.5,1,2,129.25,165400
9750,6,1407.08,2.5,0,2,123.375,151000
9600,5,1495.2,1,0,1,111.625,128900
14100,8,3718.04,3.5,2,3,135.125,381000
23595,7,2274.36,2.5,1,2,129.25,260000
11512,6,1858.02,2,1,1,123.375,177000
11345,5,2245.84,2,0,2,111.625,137000
9473,8,2756.84,3.5,1,2,135.125,237000
8800,5,1450.48,2,0,2,111.625,150500
11065,8,2333,2.5,1,3,135.125,281000
3675,6,1424.46,3,0,2,123.375,140000
10120,8,3136.6,3.5,1,3,135.125,290000
10215,4,1337.52,1,0,1,111.625,111000
8400,6,1763.46,2.5,2,2,123.375,156500
5330,4,909.6,1,0,0,111.625,82500
6600,5,1236.78,2,1,1,111.625,130500
9560,5,1213.92,1,0,1,111.625,128500
9375,8,2598.12,2.5,1,2,135.125,228500
14720,8,4120.84,3.5,1,3,135.125,410000
9477,5,1235.92,1,0,1,111.625,110000
16158,7,2369.4,3,1,2,129.25,260000
2665,5,1823.72,2,1,1,111.625,127000
11400,10,3866.84,3.5,2,3,150.4,466500
1953,6,1214.94,1.5,0,1,123.375,83000
8212,3,1251.3,2,0,1,99.875,58500
8520,6,2635.44,2,1,1,123.375,136000
7838,5,1487.82,2,1,1,111.625,123000
10800,6,2253.52,2,1,2,123.375,163000
12665,8,2819.52,2.5,1,3,135.125,281213
7200,5,2345.52,2.5,0,1,111.625,138000
15256,8,2286.5,3,0,3,135.125,282922
8780,5,1253.74,2,0,0,111.625,112000
13053,6,2081.24,1.5,1,2,123.375,207000
11700,6,1870.64,2.5,1,2,123.375,179900
10944,7,2875.04,3.5,2,2,129.25,271000
7200,5,1313.16,2,2,1,111.625,119000
12546,6,2133.72,2,1,2,123.375,182900
10261,6,2054.08,3.5,1,2,123.375,186500
8400,6,1935.12,2.5,1,2,123.375,174000
11003,10,2562.86,3.5,1,3,150.4,310000
1533,5,972.3,2,0,0,111.625,92000
13175,6,2696.12,3,2,2,123.375,210000
9042,7,2793.06,2,2,1,129.25,266500