0,208984.2771
1,177144.8
2,219031.4067
3,158209.6077
4,259462.8207
5,148880.5812
6,319235.1371
7,195541.2717
8,145291.4338
9,115773.4769
10,130759.6643
11,337097.1331
12,128218.7599
13,228197.3393
14,155892.1489
15,124091.72
16,142526.5414
17,104218.6865
18,149413.5697
19,130516.0474
20,331800.9334
21,118528.9174
22,227861.8133
23,129899
24,144239.8519
25,250324.5883
26,131012.4963
27,318683.2307
28,167579.2282
29,71934.17475
30,49519.55184
31,151353.578
32,178737.4374
33,172261.9331
34,254757.1642
35,302787.4361
36,148884.575
37,151206.5805
38,115022.9668
39,94697.61549
40,158699.8119
41,166961.3823
42,148501.9072
43,134170.2163
44,141192.1315
45,262411.1855
46,251279.7321
47,250146.2393
48,112359.3945
49,129274.4073
50,170942.791
51,114316.4292
52,121603.9547
53,360014.2666
54,137376.4311
55,182785.6303
56,186714.6889
57,196718.1773
58,404772.5565
59,124052.1278
60,166634.1368
61,96658.40697
62,221873.068
63,146679.7894
64,224367.9444
65,302314.8399
66,182876.6575
67,224769.3245
68,86198.73814
69,229773.4907
70,244794.5426
71,131880.9241
72,184999
73,143985.5047
74,117129.0828
75,91429.81496
76,115917.1475
77,125718.3769
78,137551.3698
79,111090.7451
80,188619.2235
81,157377.0517
82,230140.7536
83,126666.1818
84,172803.4125
85,256055.849
86,176776.9831
87,166431.3489
88,101988.1714
89,121867.6772
90,105787.5413
91,106701.8238
92,149862.5949
93,133899
94,209053.3792
95,176238.4318
96,213932.6046
97,125453.8642
98,84064.24021
99,118612.966
100,198298.8824
101,173511.9396
102,118951.3385
103,195998.81
104,151216.4157
105,249088.8739
106,93690.48389
107,114279.0527
108,120346.8828
109,194286.3847
110,143121.969
111,176429.291
112,374810.1268
113,220693.4687
114,191081.8972
115,175545.7724
116,137363.1371
117,153150.4828
118,359558.1467
119,173325.2499
120,154013.998
121,98812.8278
122,135157.8393
123,160717.3211
124,167015.828
125,68463.8777
126,125233.0985
127,86640.32261
128,154660.9735
129,138104.7189
130,218610.65
131,221485.9219
132,145503.0916
133,203361.6092
134,169757.7674
135,172437.4204
136,147662.5935
137,216145.4391
138,241937.8697
139,213568.9764
140,113024.184
141,247244.8275
142,162299.1298
143,206099.0013
144,134549.5125
145,137527.1635
146,110475.6321
147,231766.7646
148,139976.9358
149,113809.4798
150,141153.0533
151,344454.7183
152,204881.092
153,207061.7483
154,125404.2017
155,91787.24726
156,105991.8337
157,280536.4802
158,234846.8228
159,288296.298
160,165322.5597
161,341825.1846
162,218321.2129
163,94003.25533
164,154374.7444
165,130915.3437
166,196740.1445
167,325254.3972
168,189749.4197
169,202513.8655
170,131388.8745
171,175253.6681
172,237618.202
173,158130.1365
174,205649.0433
175,228986.6749
176,215468.7141
177,185646.1534
178,504240.3073
179,104326.2233
180,178440.1472
181,196620.7688
182,112763.3051
183,211392.9625
184,128469.9902
185,288588.7448
186,174128.053
187,142906.1771
188,151099.1731
189,260942.0769
190,282722.1022
191,174419.3176
192,190714.036
193,137715.9491
194,126118.1303
195,147889.1645
196,325632.9238
197,221132.1245
198,121106.2687
199,294119.4507
200,144867.6777
201,167665.0502
202,115697.9427
203,145685.3345
204,118947.9297
205,186342.7762
206,146739.7093
207,136602.2315
208,270584.5821
209,143260.5445
210,101463.7177
211,182652.487
212,231456.0632
213,153449.8261
214,162840.2662
215,138851.9997
216,207806.1644
217,107510.6145
218,208251.5704
219,167657.2364
220,208580.9259
221,225011.9359
222,178367.877
223,111217.3914
224,399117.0974
225,112837.3647
226,295793.0713
227,96180.08669
228,125121.2002
229,192439.3262
230,150364.5041
231,393811.5384
232,97710.5766
233,134742.018
234,220033.2626
235,87633.90696
236,183188.7431
237,202195.7578
238,290571.1353
239,128940.6005
240,251450.1595
241,105656.2451
242,99548.07418
243,124037.8554
244,212010.7939
245,230112.5742
246,133157.6726
247,144761.1252
248,190911.0204
249,243406.051
250,85545.62229
251,291341.7892
252,183319.6071
253,169882.488
254,144989.4252
255,228479.0888
256,192015.7822
257,241964.714
258,211209.3625
259,100371.7588
260,165969.0282
261,361543.1386
262,143809.0347
263,128723.1304
264,82801.98534
265,178036.4805
266,186206.1468
267,172745.5741
268,108863.1339
269,146659.2334
270,263928.316
271,201918.4587
272,307520.2017
273,142938.6224
274,122188.7057
275,145832.3801
276,202709.8815
277,120287.2406
278,392386.083
279,190813.4706
280,225115.9824
281,179985.5083
282,213956.8277
283,235775.4242
284,192454.4246
285,165519.4743
286,158388.561
287,93531.92159
288,125454.6576
289,154777.4887
290,236999.1479
291,137868.3932
292,146157.2664
293,235727.8908
294,164184.3143
295,138720.3226
296,148891.2767
297,232426.1512
298,177351.4709
299,141046.4676
300,157544.3679
301,263835.5563
302,236481.8523
303,137290.6109
304,222673.1794
305,311352.8111
306,233728.0376
307,110274.4683
308,112581.3833
309,353178.023
310,183021.32
311,130042.8984
312,123311.8464
313,368704.174
314,152315.4622
315,184831.1668
316,227335.0248
317,258431.8223
318,340344.0263
319,175840.0703
320,348110.8086
321,323131.5972
322,284006.5065
323,131472.3206
324,247516.5153
325,76919.57077
326,306849.0887
327,157652.4307
328,192311.6469
329,82023.59854
330,134006.6681
331,139038.9483
332,257811.0795
333,207836.5651
334,188023.2701
335,224325.7244
336,361991.2006
337,215860.8389
338,195905.1802
339,156212.7443
340,211152.3046
341,85970.24704
342,88936.55525
343,258465.9328
344,88864.57266
345,146783.7698
346,123288.8965
347,166925.2238
348,183120.0849
349,469318.2974
350,304403.2114
351,194929.4387
352,94454.31424
353,101895.6302
354,143985.038
355,175687.9968
356,173643.7189
357,141596.701
358,126710.9272
359,273885.0468
360,153885.2413
361,143141.3129
362,199809.3802
363,108514.9774
364,189941.0608
365,143665.1666
366,162391.8432
367,167603.3954
368,135765.1118
369,159408.6353
370,176297.3115
371,134345.2045
372,121630.7931
373,129383.2192
374,212685.1913
375,78946.80176
376,148475.8114
377,309905.44
378,377488.0989
379,180042.5236
380,130861.2358
381,186804.6736
382,219174.1055
383,82339.21343
384,236734.3199
385,170688.6907
386,90747.2699
387,129764.2606
388,201317.4615
389,406846.2603
390,121258.0029
391,217413.0968
392,105641.6186
393,95420.83135
394,105338.0581
395,136586.6073
396,127762.4198
397,171540.6207
398,74531.60894
399,229746.6574
400,215117.2047
401,168305.501
402,100397.0402
403,248822.3179
404,177306.1924
405,163204.7403
406,141675.0078
407,172606.5191
408,285467.488
409,314964.4279
410,84112.5004
411,134337.7687
412,227724.0268
413,114415.8939
414,240190.0638
415,184429.9508
416,150348.5942
417,243577.2328
418,116958.9676
419,140042.7631
420,201665.5586
421,219787.1758
422,116242.8729
423,318651.9711
424,140764.4991
425,134746.8919
426,246738.3205
427,110430.9862
428,190561.3633
429,170734.7691
430,86734.29082
431,90838.10479
432,122994.9676
433,179963.9814
434,81241.38881
435,204596.2274
436,111606.8101
437,121620.8216
438,87255.91432
439,124040.9108
440,523599.2608
441,124047.2453
442,158452.6316
443,179825.0417
444,215061.0939
445,143204.3539
446,210911.8606
447,198831.7659
448,117618.1999
449,128357.1297
450,106407.3668
451,226142.4622
452,198742.8151
453,197711.9526
454,170491.1923
455,170839.89
456,92218.83784
457,220164.4722
458,147289.4529
459,113449.5687
460,251358.1835
461,147498.3195
462,73384.0256
463,183249.7948
464,123839.7747
465,186744.9651
466,169471.2865
467,152905.8117
468,247597.8331
469,186848.4558
470,211220.1822
471,186873.8926
472,145170.8103
473,374767.38
474,255387.6852
475,131938.4479
476,203968.3131
477,366965.3903
478,314822.7892
479,97014.55767
480,336272.236
481,347990.6391
482,154853.5729
483,166971.6171
484,135874.1163
485,145377.446
486,143947.9828
487,179935.0715
488,150526.3539
489,85891.41968
490,110297.6571
491,139556.9904
492,171710.1832
493,140526.8771
494,91687.0139
495,47412.17589
496,429999
497,167998.7787
498,128538.9761
499,126219.8464
500,116710.116
501,216486.7264
502,134503.1167
503,240715.1205
504,144812.6812
505,125511.1142
506,208636.5642
507,204052.6179
508,153895.1817
509,126706.1181
510,166215.7158
511,203125.8414
512,128203.9005
513,138498.5293
514,92526.51296
515,394014.134
516,170563.7364
517,334989.668
518,210900.9438
519,220262.2058
520,104116.7573
521,148550.3014
522,137660.3535
523,319824.5629
524,179590.5566
525,125231.0054
526,381014.5564
527,87773.64166
528,208335.3414
529,198569.4612
530,126462.337
531,107200.7552
532,45438.01774
533,166831.5448
534,113410.4977
535,190933.9874
536,125202.2097
537,153083.7904
538,280535.0548
539,335035.3539
540,260875.6507
541,216634.4702
542,132179.7578
543,182142.0224
544,237859.7641
545,206051.8082
546,119999.1058
547,116588.4448
548,257752.1726
549,133403.4907
550,114443.9961
551,271848.6368
552,114302.8537
553,263763.7949
554,112621.5546
555,141126.8706
556,105817.2204
557,175972.7313
558,216450.1857
559,142939.6531
560,171199.8089
561,118799.2963
562,172557.2309
563,274022.0397
564,132215.6957
565,321316.8295
566,210946.8222
567,284864.7477
568,137323.3086
569,140362.9585
570,118244.7185
571,202034.5165
572,168761.1027
573,123215.3572
574,117513.7423
575,143832.0902
576,164811.935
577,162052.0351
578,131489.6814
579,172408.9217
580,295500.9136
581,124792.57
582,225738.8553
583,138871.4357
584,346018.599
585,125768.4537
586,135064.0131
587,163115.2578
588,85885.73952
589,185526.001
590,431478.5934
591,137668.5139
592,142751.0303
593,116801.8893
594,320154.0929
595,114250.1012
596,193075.76
597,198682.8997
598,162787.9778
599,260051.7647
600,132942.0495
601,221875.3253
602,156056.9123
603,225688.9121
604,198154.9127
605,149624.1041
606,192424.9215
607,321907.7991
608,119282.2608
609,316080.3148
610,146977.9338
611,249245.1725
612,137172.1922
613,81757.06695
614,134960.3179
615,183993.3614
616,111888.0213
617,301446.9598
618,296651.9423
619,66096.17667
620,232365.3067
621,137086.8726
622,170165.7003
623,166203.1972
624,154022.4087
625,137115.2366
626,156389.9509
627,203616.1732
628,168053.5145
629,137331.9592
630,212740.887
631,103376.913
632,132563.5986
633,137095.2161
634,174670.4771
635,62005.23602
636,107131.5524
637,85590.70447
638,246912.9179
639,258602.6794
640,229137.9926
641,328251.8562
642,161450.372
643,374693.079
644,134296.1348
645,103090.9618
646,149343.717
647,175864.1746
648,84060.33344
649,199125.7471
650,126597.1549
651,192578.0963
652,139149.9668
653,353350.804
654,92869.27623
655,143218.9351
656,153604.2511
657,106830.0419
658,154816.7518
659,197758.5523
660,339885.3327
661,130130.3222
662,154188.3668
663,391959.6052
664,231972.2072
665,134639.3769
666,215805.2199
667,168060.8765
668,104979.6817
669,175463.1686
670,104973.5346
671,166587.4598
672,262639.3364
673,140392.1066
674,150103.2219
675,122675.1144
676,108249.5668
677,347461.886
678,128748.3704
679,122052.4336
680,144375.6246
681,173602.9798
682,250039.9002
683,228409.6077
684,195091.5997
685,228160.8873
686,148943.3393
687,317928.5276
688,194828.611
689,144825.2302
690,709185.7769
691,314321.601
692,107261.4309
693,149175.4051
694,172974.4941
695,88694.34985
696,123446.4704
697,137765.4036
698,209193.0118
699,309984.4054
700,140578.8414
701,360854.0311
702,139822.1028
703,208704.7192
704,81840.804
705,285804.586
706,240259.0024
707,176458.8469
708,109519.5747
709,58602.35031
710,95727.43484
711,182592.9567
712,128675.0677
713,146943.672
714,154590.4742
715,137982.8307
716,157492.1395
717,332902.4583
718,130797.4902
719,242352.9102
720,144197.5233
721,117958.4835
722,137332.5613
723,326327.4716
724,123828.9334
725,211530.8905
726,193334.3068
727,124304.3575
728,111606.1901
729,244258.1318
730,173009.0569
731,232152.4625
732,127102.3743
733,117495.8615
734,155885.8036
735,88321.65617
736,246807.4058
737,157997.806
738,198544.3394
739,127038.709
740,139149.3197
741,179489.3359
742,169622.3306
743,179999
744,254289.9793
745,238670.1973
746,256382.7539
747,248169.0825
748,100945.7903
749,97022.55926
750,168018.2799
751,213778.248
752,273248.4014
753,147764.7318
754,173189.0829
755,216046.6003
756,145943.9671
757,171012.2546
758,295757.8779
759,125787.8541
760,106332.1505
761,191501.5139
762,333688.6808
763,255663.7584
764,248802.8595
765,193786.567
766,158985.0262
767,227715.4003
768,473079.2517
769,137085.3673
770,110041.7179
771,113159.3754
772,117409.4323
773,300034.8915
774,165950.3683
775,227333.1262
776,140644.0265
777,174005.4062
778,135094.6942
779,174540.2544
780,176795.6215
781,185571.9014
782,144113.0585
783,133505.0645
784,156182.9302
785,137086.7113
786,250533.6966
787,104190.1992
788,188904.8717
789,164691.5671
790,144442.2926
791,255238.617
792,217304.7573
793,193016.5702
794,171694.6468
795,139134.9651
796,109948.8974
797,459284.2116
798,164741.8491
799,200898.7043
800,117288.1782
801,182258.6231
802,415307.7251
803,117644.2387
804,223634.9337
805,131399.703
806,193375.3002
807,154242.9921
808,114306.6767
809,167338.4818
810,145329.446
811,87646.38606
812,154150.7264
813,107240.5904
814,235689.8032
815,130976.2609
816,263343.7551
817,153830.4664
818,219796.958
819,184353.0162
820,112415.808
821,215923.1562
822,129328.9408
823,222680.2273
824,407316.7589
825,96803.28516
826,188728.4829
827,174965.0054
828,155355.5979
829,162095.2375
830,152462.6207
831,234509.5663
832,164651.645
833,139457.1898
834,126433.8318
835,150061.3819
836,102027.8946
837,148486.0769
838,122164.6185
839,128056.9831
840,153154.4562
841,174283.5983
842,138183.3179
843,154205.5088
844,173385.7604
845,202340.7394
846,128925.1893
847,246924.631
848,189631.094
849,133692.6581
850,196934.4741
851,169529.1395
852,162654.6238
853,168618.1516
854,137794.8861
855,143368.0421
856,175026.688
857,154753.8911
858,225778.9682
859,181660.6418
860,136592.9459
861,147547.9591
862,137814.744
863,210613.7538
864,143826.0567
865,243230.2423
866,131630.4022
867,161259.3931
868,237520.6334
869,109499
870,191370.383
871,109511.2792
872,129919.3878
873,112719.4067
874,295656.1673
875,130111.9007
876,319478.1578
877,150105.1601
878,136198.3969
879,154016.0205
880,187455.4078
881,174851.3272
882,136171.7608
883,109848.2717
884,299226.1393
885,146609.9577
886,133272.3867
887,256684.4594
888,151163.1201
889,121998.5156
890,168167.0029
891,139121.027
892,160256.5016
893,118150.0639
894,168706.9369
895,102609.1941
896,136579.6466
897,569581.5217
898,136428.9934
899,109752.5297
900,150937.9185
901,180488.5498
902,242951.1166
903,123855.4482
904,127850.522
905,250432.8664
906,222094.2197
907,133189.2553
908,173486.7358
909,165860.8808
910,156494.2818
911,106697.621
912,166267.9528
913,176441.1047
914,90589.30798
915,38917.28885
916,138319.4924
917,261830.5665
918,183042.9261
919,189376.3127
920,162912.0737
921,172460.2218
922,204348.4437
923,173137.2426
924,165201.637
925,301822.1871
926,176374.1121
927,238134.3689
928,220762.9829
929,205366.9444
930,120577.7217
931,332609.8673
932,200412.9827
933,245459.1278
934,94800.79092
935,183541.6393
936,255416.0953
937,263365.3124
938,202531.1509
939,155672.2564
940,213715.2313
941,150072.521
942,140019.366
943,138235.3738
944,140382.4585
945,144345.87
946,259427.4624
947,193025.8353
948,192139.7652
949,131186.0075
950,116571.4722
951,131876.9852
952,185611.431
953,120989.3735
954,142192.4372
955,128778.7687
956,133075.0783
957,201667.8211
958,156156.89
959,122153.1627
960,207546.0889
961,157684.8023
962,250301.9297
963,209801.8077
964,177494.8034
965,133168.2736
966,135422.4754
967,80738.91187
968,116718.9628
969,104843.1284
970,177707.4777
971,107960.7287
972,181999
973,156961.6212
974,162800.8916
975,83535.21195
976,195192.7276
977,109465.2436
978,140020.9145
979,173034.7946
980,316589.0525
981,164225.2886
982,275532.3538
983,129188.8332
984,131696.3316
985,126395.9252
986,395568.5377
987,185054.6261
988,193788.396
989,323007.4917
990,169485.6095
991,178478.9381
992,180578.3315
993,328914.3831
994,119260.5977
995,138451.3876
996,176932.1135
997,99262.8972
998,195030.5056
999,83388.16796
1000,85559.69803
1001,233426.5187
1002,136520.8615
1003,186001.7776
1004,144498.1564
1005,166668.1806
1006,87538.29657
1007,236446.3034
1008,142849.0994
1009,117655.2859
1010,106403.3267
1011,155668.2354
1012,108940.2877
1013,120997.9641
1014,220447.9634
1015,206581.3169
1016,186637.3117
1017,168417.9902
1018,205530.5719
1019,165139.5922
1020,193388.7588
1021,94156.61024
1022,188858.3024
1023,291471.9039
1024,119520.5178
1025,154683.1309
1026,307876.7372
1027,135457.8796
1028,115816.5593
1029,151655.2932
1030,214023.5925
1031,305287.3695
1032,238313.8365
1033,101908.8967
1034,88811.52905
1035,279832.6437
1036,265775.344
1037,105612.1199
1038,81624.52244
1039,164193.638
1040,167180.6191
1041,202345.9561
1042,251776.4063
1043,281753.9546
1044,127379.6492
1045,537764.7244
1046,145883.9511
1047,137039.1223
1048,87689.40705
1049,180360.6326
1050,191697.109
1051,177305.6727
1052,146428.7958
1053,259094.944
1054,174239.9067
1055,214916.4457
1056,211856.8158
1057,324592.0325
1058,180620.0445
1059,213421.7079
1060,130080.781
1061,114808.6088
1062,117325.6703
1063,154972.2463
1064,316868.4144
1065,174657.7903
1066,169338.9186
1067,163995.6155
1068,127495.2047
1069,134376.2297
1070,157228.6704
1071,111779.6105
1072,169671.3605
1073,193032.6403
1074,188450.6916
1075,161935.6951
1076,137959.8709
1077,149588.6871
1078,143904.7492
1079,153387.9468
1080,132544.7121
1081,187137.1092
1082,154937.6209
1083,180988.1094
1084,145851.345
1085,88969.73807
1086,250245.0741
1087,139946.1846
1088,211312.073
1089,89294.09812
1090,161135.2082
1091,147020.1437
1092,145096.8982
1093,133751.1194
1094,175701.2009
1095,127199.7141
1096,162062.4028
1097,117621.9207
1098,147032.2527
1099,69451.19879
1100,126784.8334
1101,134695.9571
1102,142313.6212
1103,109170.5532
1104,305614.8872
1105,191253.85
1106,268805.2624
1107,179104.445
1108,303118.2238
1109,187286.987
1110,196350.0387
1111,125154.6336
1112,133588.4973
1113,115882.7887
1114,323500.3546
1115,179408.052
1116,138887.1105
1117,135333.9116
1118,121336.9405
1119,116821.5933
1120,219324.5188
1121,102521.4609
1122,105582.9845
1123,166162.5348
1124,116878.266
1125,185674.0039
1126,251191.2152
1127,224207.0163
1128,134392.9362
1129,148843.7775
1130,102146.3546
1131,123361.7461
1132,240217.5903
1133,172757.2692
1134,103948.1853
1135,119794.947
1136,101790.1826
1137,187749.1326
1138,132371.1772
1139,133859.4546
1140,190252.3764
1141,389225.0405
1142,100381.1764
1143,97106.38636
1144,147315.1288
1145,169227.6839
1146,163816.2499
1147,110106.3424
1148,126833.6927
1149,107153.0915
1150,149899
1151,210916.0125
1152,114825.7614
1153,201165.2188
1154,199882.0179
1155,172858.5976
1156,229299.6583
1157,234150.8477
1158,188375.7183
1159,146853.2329
1160,214919.6764
1161,128131.1618
1162,112309.7807
1163,191275.3867
1164,223677.3256
1165,251267.4452
1166,188545.2664
1167,216197.497
1168,617794.6603
1169,168996.7249
1170,153069.232
1171,171346.7055
1172,208557.0035
1173,230003.0183
1174,295217.6982
1175,124504.8451
1176,114279.0527
1177,110377.9909
1178,95801.8983
1179,251382.5431
1180,348302.1088
1181,702597.3963
1182,118494.2885
1183,168479.5357
1184,99744.13108
1185,155485.986
1186,262961.0907
1187,188994.8487
1188,189290.6959
1189,175680.7059
1190,174188.3104
1191,131340.8639
1192,167850.3283
1193,142663.7869
1194,173777.6559
1195,260002.3117
1196,146037.3319
1197,186449.1503
1198,144353.8758
1199,114403.2451
1200,203148.2674
1201,120513.355
1202,223441.5991
1203,152920.0035
1204,281154.5407
1205,111748.9311
1206,196424.8509
1207,139988.9968
1208,282925.491
1209,197823.1605
1210,175966.8406
1211,99714.85433
1212,118244.2824
1213,123995.9782
1214,124034.4347
1215,115379.1836
1216,216287.156
1217,85829.07258
1218,91041.74761
1219,119070.5034
1220,129300.4481
1221,146193.9803
1222,150627.9018
1223,186359.8406
1224,128029.2486
1225,232253.1567
1226,131861.157
1227,361497.1958
1228,134180.1185
1229,189999
1230,139995.6192
1231,105011.5067
1232,141999
1233,133623.0499
1234,136698.609
1235,175522.7879
1236,219164.6662
1237,148029.5873
1238,255978.7986
1239,221358.2479
1240,258913.7288
1241,174676.9211
1242,424958.2048
1243,193329.5804
1244,178264.6249
1245,188553.2449
1246,162674.5958
1247,152554.0318
1248,119988.2029
1249,241696.2034
1250,180796.6984
1251,123347.077
1252,274659.0428
1253,183323.6307
1254,130616.941
1255,290883.7133
1256,90810.155
1257,177367.8061
1258,135933.9097
1259,181064.5437
1260,130741.8091
1261,161769.2905
1262,175100.9206
1263,211007.4144
1264,178416.8311
1265,138643.3612
1266,372226.6646
1267,245588.8401
1268,143999
1269,261786.6487
1270,176820.6062
1271,123612.5306
1272,170564.7417
1273,126956.4423
1274,136134.0242
1275,160935.3717
1276,169630.4719
1277,238521.8471
1278,85445.86534
1279,224476.5301
1280,177144.4277
1281,144669.7768
1282,136087.6571
1283,177344.6488
1284,129085.5675
1285,145234.9336
1286,176792.8018
1287,255608.5114
1288,258357.7789
1289,171186.5386
1290,116306.0877
1291,108554.8726
1292,175124.0046
1293,116789.6136
1294,132579.0749
1295,149652.6361
1296,143397.2773
1297,146163.9625
1298,222908.2193
1299,167564.8239
1300,289027.5909
1301,235320.4838
1302,139946.1846
1303,299869.68
1304,199191.1409
1305,143356.629
1306,132338.1347
1307,179947.7976
1308,308456.695
1309,204747.464
1310,293459.2105
1311,334438.7118
1312,118540.6475
1313,182222.0128
1314,282865.9016
1315,198893.0945
1316,277134.8146
1317,112005.7419
1318,157049.6766
1319,81832.79675
1320,224117.547
1321,84727.37855
1322,216179.3409
1323,80158.86894
1324,87227.68823
1325,127204.5427
1326,233190.9341
1327,177522.031
1328,247624.2317
1329,130845.1813
1330,112767.0789
1331,120840.9884
1332,126984.6118
1333,169975.2448
1334,139331.3297
1335,73471.75178
1336,209691.7271
1337,127982.1575
1338,120552.1631
1339,156316.0133
1340,230207.4264
1341,161001.4058
1342,160476.3497
1343,102212.2945
1344,243713.4674
1345,295106.659
1346,224170.0519
1347,135214.8682
1348,198859.6128
1349,172362.7088
1350,121415.6219
1351,398367.0084
1352,240981.6811
1353,184069.6979
1354,110180.9603
1355,150546.9685
1356,178159.0184
1357,336108.0824
1358,178624.9123
1359,244069.9945
1360,138753.4516
1361,163266.2569
1362,148487.5706
1363,208979.211
1364,213788.061
1365,136720.8079
1366,141971.0905
1367,233753.0608
1368,117326.1918
1369,164332.5252
1370,250784.1454
1371,429679.9284
1372,253265.849
1373,256727.5977
1374,93437.64647
1375,127389.0646
1376,95377.24613
1377,160128.7531
1378,59448.37568
1379,242616.4634
1380,160029.0276
1381,126488.9032
1382,105618.219
1383,111162.6576
1384,228594.2624
1385,155309.5249
1386,373285.8619
1387,127705.2039
1388,239435.4122
1389,130668.7455
1390,123938.0578
1391,142833.6214
1392,239603.4904
1393,295764.2561
1394,148226.0425
1395,137258.0421
1396,149006.2461
1397,138369.8337
1398,117115.0225
1399,188236.8421
1400,196059.3371
1401,281148.6825
1402,103870.8153
1403,291642.2152
1404,134385.2222
1405,113027.3305
1406,126577.5317
1407,218389.9811
1408,226241.8849
1409,137744.8408
1410,89042.5689
1411,258650.4201
1412,205919.39
1413,198544.546
1414,119873.5406
1415,360574.2745
1416,135226.2134
1417,239288.8055
1418,174763.2584
1419,122717.0209
1420,137874.9502
1421,257521.6313
1422,140703.4156
1423,144435.9493
1424,260670.4985
1425,133557.0978
1426,109256.5927
1427,182399.5931
1428,187344.1298
1429,129774.1962
1430,84215.58738
1431,188815.998
1432,148541.3197
1433,179276.966
1434,118989.5972
1435,386596.0856
1436,132719.5234
1437,196079.9437
1438,181106.5518
1439,143613.9855
1440,309013.6574
1441,108739.6391
1442,185414.6772
1443,115655.562
1444,153334.7399
1445,248307.0945
1446,103098.6901
1447,88539.48738
1448,137520.5959
1449,260862.9149
1450,147133.5328
1451,102253.8582
1452,186177.4923
1453,176123.0631
1454,208508.8794
1455,245006.6692
1456,121269.6533
1457,143787.3629
1458,122218.2504
1459,162187.6748
1460,175253.9891
1461,180528.9678
1462,191686.0184
1463,184825.8661
1464,172390.8275
1465,176004.2745
1466,180019.4261
1467,125194.3847
1468,219586.2093
1469,94502.70779
1470,92785.6028
1471,153888.7161
1472,101508.6337
1473,370867.6294
1474,240712.6169
1475,288865.8477
1476,286479.4467
1477,412089.8999
1478,290942.0352
1479,207251.7235
1480,183744.3958
1481,165532.782
1482,160490.5886
1483,193172.4222
1484,334868.802
1485,214189.4457
1486,203164.2032
1487,204438.7529
1488,188585.0012
1489,108165.0956
1490,164681.7842
1491,286262.2551
1492,275285.9528
1493,244845.3527
1494,188014.5952
1495,158241.0093
1496,155665.2549
1497,162250.4047
1498,180790.1771
1499,146205.4729
1500,256717.3265
1501,227067.0268
1502,209285.6439
1503,178469.7234
1504,269918.4193
1505,208424.2125
1506,160382.0199
1507,157668.6662
1508,163410.9218
1509,169130.587
1510,163169.6138
1511,157321.9236
1512,223384.4411
1513,155537.3455
1514,162013.8377
1515,131574.6184
1516,232073.1807
1517,139060.015
1518,151102.9433
1519,159691.5892
1520,102094.8719
1521,105495.2439
1522,128704.8506
1523,124839.4138
1524,105177.8521
1525,117151.0368
1526,146329.223
1527,162439.693
1528,129534.054
1529,94005.9555
1530,144936.205
1531,111888.0873
1532,151420.7443
1533,103159.9876
1534,78949.58526
1535,126067.4756
1536,183721.2965
1537,125069.9813
1538,139597.2622
1539,131977.1751
1540,173477.2262
1541,81603.41402
1542,106190.0682
1543,115632.0861
1544,143686.0059
1545,129474.779
1546,99550.53974
1547,147730.1722
1548,108656.5935
1549,148893.1477
1550,140391.5761
1551,118141.2392
1552,172057.364
1553,92899.86615
1554,119275.0015
1555,98431.34127
1556,137680.2468
1557,141496.3624
1558,168931.3402
1559,121496.7887
1560,123882.4758
1561,174628.5252
1562,163111.125
1563,250876.8222
1564,82031.23674
1565,217653.18
1566,158270.686
1567,123043.3831
1568,142966.6527
1569,150605.8909
1570,245832.9761
1571,103002.0293
1572,208878.2684
1573,243088.6137
1574,207044.5929
1575,148159.1258
1576,143148.1605
1577,187479.8612
1578,123957.74
1579,130010.7584
1580,317942.4348
1581,238148.3281
1582,141414.8694
1583,83623.02896
1584,108190.8132
1585,139900.4198
1586,106506.9304
1587,131051.8162
1588,93058.19779
1589,119103.2466
1590,103106.0472
1591,137314.4579
1592,145801.804
1593,213632.557
1594,163251.1435
1595,178923.2619
1596,149499.0672
1597,174214.1023
1598,79484.19227
1599,115318.6714
1600,77152.7377
1601,291642.2152
1602,250511.296
1603,166230.8909
1604,181664.3716
1605,214416.1374
1606,200339.5668
1607,166632.2129
1608,149012.9024
1609,168112.3854
1610,179686.3791
1611,120426.9901
1612,84157.98752
1613,82529.14526
1614,87861.84086
1615,127460.05
1616,127189.4186
1617,189758.1794
1618,156072.8723
1619,146190.8405
1620,267003.0053
1621,231101.6777
1622,120265.4675
1623,162783.6734
1624,184765.4364
1625,274044.1739
1626,173948.8721
1627,329860.4581
1628,210584.4865
1629,243844.6218
1630,159190.5049
1631,176917.3083
1632,190201.4493
1633,168393.9478
1634,198032.6201
1635,195573.7138
1636,164627.6597
1637,234260.3288
1638,166234.9415
1639,222210.0899
1640,234918.5279
1641,214111.8608
1642,182526.2821
1643,155674.2768
1644,160256.0967
1645,134175.3379
1646,143771.8163
1647,113545.0127
1648,114519.7397
1649,96290.6438
1650,95463.92486
1651,155217.3752
1652,129705.1641
1653,148309.1967
1654,155217.3752
1655,160168.1167
1656,118826.0606
1657,151429.409
1658,441078.9507
1659,357499.7224
1660,341333.5194
1661,534115.3374
1662,293600.3288
1663,331246.7076
1664,361884.8641
1665,328239.7184
1666,275298.3
1667,346855.1065
1668,279878.7501
1669,509437.9434
1670,285365.7656
1671,259869.7999
1672,195529.6927
1673,203228.1971
1674,212770.8014
1675,530019.0414
1676,363128.9199
1677,293012.6365
1678,225184.0116
1679,313224.1476
1680,186886.0206
1681,174085.8036
1682,173840.9385
1683,169392.0609
1684,160204.2105
1685,179132.2925
1686,182579.2615
1687,187154.1226
1688,170345.8521
1689,264959.9672
1690,158212.8099
1691,186910.8378
1692,166142.9027
1693,339408.8388
1694,165217.4738
1695,318333.1763
1696,302386.292
1697,242431.5302
1698,262297.1036
1699,255874.1744
1700,247664.3524
1701,297733.1652
1702,215766.5052
1703,515095.8917
1704,207418.4771
1705,220337.7898
1706,244631.521
1707,196995.7201
1708,256614.6095
1709,258543.7455
1710,273224.9494
1711,210066.0784
1712,196776.8426
1713,175835.4336
1714,174052.8332
1715,142731.7389
1716,208334.8148
1717,255881.9055
1718,160188.6924
1719,123609.0468
1720,157082.8018
1721,210072.8627
1722,241063.56
1723,195631.0766
1724,180889.6564
1725,186695.6401
1726,160005.0798
1727,151700.6574
1728,117518.5329
1729,135671.9261
1730,127403.0024
1731,128464.3156
1732,135594.6128
1733,115049.2478
1734,311051.8549
1735,193344.0502
1736,430025.1612
1737,208433.2563
1738,210143.2526
1739,179259.9954
1740,174919.3681
1741,238417.1809
1742,198550.0639
1743,232489.6908
1744,195123.6118
1745,225891.9661
1746,150832.4735
1747,142774.6887
1748,220362.4108
1749,121841.2306
1750,149743.7589
1751,194086.009
1752,160685.8846
1753,111706.0972
1754,112015.1963
1755,141764.0268
1756,150545.4419
1757,159881.7571
1758,136994.6988
1759,172230.7639
1760,163325.8678
1761,113996.5709
1762,185062.2137
1763,158379.7856
1764,190410.6786
1765,144090.967
1766,153028.2153
1767,139806.6727
1768,142470.5083
1769,137440.6564
1770,142753.9944
1771,146396.2784
1772,126357.0692
1773,110724.5221
1774,112787.0683
1775,133636.5336
1776,110210.726
1777,163330.8595
1778,119055.9775
1779,95918.87889
1780,123525.6653
1781,108579.174
1782,105781.0356
1783,183195.1157
1784,153970.5205
1785,78649.27944
1786,93626.20797
1787,94183.56843
1788,167129.8809
1789,158615.0214
1790,127509.5669
1791,142521.1767
1792,136240.3488
1793,107773.8913
1794,116070.8255
1795,124861.7219
1796,105807.8477
1797,134075.5721
1798,131701.2249
1799,136666.0595
1800,149334.7998
1801,144154.6951
1802,131106.3399
1803,119513.2162
1804,122053.8097
1805,119824.3839
1806,127419.8101
1807,154118.8115
1808,108336.8372
1809,102082.4414
1810,117568.3086
1811,98955.70934
1812,74025.63837
1813,76926.03719
1814,125556.5034
1815,133751.8706
1816,109471.4761
1817,62831.78698
1818,120191.6748
1819,128313.4786
1820,51065.61293
1821,129054.9155
1822,137785.8607
1823,98998.77861
1824,103116.4614
1825,139906.3582
1826,107310.3532
1827,146505.7593
1828,136378.6599
1829,114764.4968
1830,145875.304
1831,119561.1823
1832,128237.6784
1833,133719.1806
1834,101656.282
1835,119248.1233
1836,91751.44961
1837,157997.806
1838,155647.34
1839,95509.13251
1840,125628.5904
1841,125454.3254
1842,131204.6279
1843,153186.8551
1844,177577.2119
1845,74635.57564
1846,115401.9393
1847,125698.1781
1848,163881.9828
1849,118277.4341
1850,131724.4083
1851,153358.7502
1852,136290.5479
1853,211007.9497
1854,251821.9258
1855,139604.999
1856,116607.4133
1857,145095.1323
1858,115485.3634
1859,362819.4616
1860,358957.2509
1861,358957.2509
1862,317748.7525
1863,328958.2475
1864,232582.5348
1865,297446.9907
1866,201236.2114
1867,215840.9043
1868,256657.1556
1869,167660.3123
1870,222888.8248
1871,148576.6784
1872,196133.2369
1873,201207.5191
1874,213184.973
1875,210227.6954
1876,125276.83
1877,141159.7117
1878,245202.026
1879,244611.9018
1880,195452.089
1881,219625.7984
1882,250288.0536
1883,309432.0888
1884,195359.954
1885,283112.385
1886,161183.4354
1887,140940.1517
1888,145191.1941
1889,108401.1943
1890,136540.8551
1891,125813.4163
1892,138203.5042
1893,116243.2427
1894,108119.7793
1895,98436.59343
1896,120132.5844
1897,100593.5974
1898,156405.3321
1899,149806.8866
1900,151861.7395
1901,132634.2163
1902,163062.1527
1903,146038.3825
1904,242099.6997
1905,95585.78206
1906,131880.8525
1907,107193.2261
1908,195173.0557
1909,236343.2812
1910,138276.416
1911,51381.75511
1912,325914.5905
1913,75363.63478
1914,256740.5805
1915,136888.6183
1916,153440.0054
1917,208031.4871
1918,409611.6855
1919,297748.5064
1920,201517.8815
1921,213668.1017
1922,228855.1902
1923,366732.2478
1924,134988.9984
1925,153068.2304
1926,122880.3789
1927,142986.9913
1928,145350.4579
1929,149072.5541
1930,161113.803
1931,183059.1508
1932,174136.1047
1933,187539.5286
1934,182981.1662
1935,183606.0249
1936,244940.0868
1937,190315.6797
1938,175219.2636
1939,186324.8105
1940,184578.7676
1941,341048.1153
1942,381936.0922
1943,160145.1922
1944,292164.1352
1945,178281.1231
1946,272117.9061
1947,168542.7354
1948,239848.355
1949,207975.4817
1950,164262.0303
1951,189514.0928
1952,126463.3437
1953,312661.1362
1954,165314.0103
1955,303469.4891
1956,132663.3619
1957,115487.2648
1958,114223.0136
1959,94185.19862
1960,97408.16452
1961,118636.421
1962,136552.0059
1963,122536.3169
1964,277259.7842
1965,470141.2932
1966,376950.4719
1967,425933.8329
1968,382549.1016
1969,346913.3187
1970,262936.7291
1971,321651.7237
1972,524538.1685
1973,252033.1475
1974,348647.1847
1975,379337.5244
1976,329183.9671
1977,185945.7749
1978,355424.857
1979,232678.1397
1980,220523.2214
1981,173820.1118
1982,229039.2764
1983,219216.7142
1984,175662.5214
1985,175007.8645
1986,189763.5985
1987,226554.6708
1988,220520.0918
1989,206709.0247
1990,162540.2171
1991,233633.6951
1992,183133.2881
1993,252138.4274
1994,280349.482
1995,325129.3147
1996,254817.6934
1997,304214.4079
1998,267191.3307
1999,264984.4828
2000,270061.1173
2001,265715.3071
2002,218526.2714
2003,209347.6157
2004,236980.4558
2005,213516.8209
2006,202849.5525
2007,186205.6737
2008,160456.0645
2009,160988.9345
2010,186157.9781
2011,184943.2251
2012,196139.6275
2013,201209.8853
2014,189659.9356
2015,121792.2008
2016,134276.2043
2017,114736.9462
2018,118737.2909
2019,165221.0231
2020,155735.7017
2021,229758.0721
2022,297605.7788
2023,192667.281
2024,160756.895
2025,166250.6815
2026,174789.3586
2027,256888.6869
2028,206379.612
2029,214134.4039
2030,245052.393
2031,157719.8631
2032,203944.5359
2033,185282.0268
2034,181775.7259
2035,244422.7483
2036,182568.5478
2037,296492.5331
2038,244755.5202
2039,202060.1487
2040,158863.8219
2041,154581.0877
2042,203729.6623
2043,134377.2607
2044,150054.3545
2045,124566.2275
2046,130816.6999
2047,173493.608
2048,109116.3166
2049,142600.4611
2050,141554.774
2051,83213.74285
2052,162369.1426
2053,131320.377
2054,123008.3423
2055,217203.1175
2056,135308.2634
2057,154765.9141
2058,176142.3035
2059,141109.1776
2060,105865.6196
2061,141449.5209
2062,119536.1621
2063,163880.6125
2064,141530.553
2065,170612.2814
2066,86826.77524
2067,108335.4336
2068,101690.5076
2069,129640.2162
2070,124526.8642
2071,155239.5909
2072,157004.36
2073,120788.5266
2074,150843.2798
2075,129056.1232
2076,119150.2534
2077,109949.1548
2078,120125.3602
2079,139561.065
2080,145823.9459
2081,103919.8506
2082,135197.3992
2083,135428.7202
2084,116456.7552
2085,108566.4464
2086,93349.22775
2087,118833.3931
2088,141883.196
2089,140084.8969
2090,141957.2862
2091,93217.22732
2092,139983.1992
2093,87412.70418
2094,89437.04273
2095,144220.0063
2096,85749.36512
2097,123138.993
2098,124682.0254
2099,131634.1498
2100,105503.0936
2101,124540.0647
2102,135799.9066
2103,86954.15028
2104,163556.5378
2105,112381.7863
2106,108864.8835
2107,111337.1363
2108,132640.329
2109,143968.9247
2110,114708.4872
2111,98567.45015
2112,150547.1109
2113,100966.2406
2114,137304.1451
2115,118102.1784
2116,102433.6067
2117,96977.29851
2118,97998.44041
2119,99960.71596
2120,84391.07382
2121,156539.068
2122,135915.8618
2123,140954.2102
2124,139617.0835
2125,136052.5017
2126,98026.33259
2127,146506.7582
2128,147860.3381
2129,97187.89325
2130,107239.318
2131,110813.5544
2132,95790.82645
2133,80596.36879
2134,119422.5115
2135,130082.1118
2136,149819.8719
2137,130115.6825
2138,124001.3096
2139,139330.3829
2140,146298.2273
2141,104281.6202
2142,138741.5889
2143,147900.2527
2144,144552.0078
2145,131953.2715
2146,137177.4434
2147,188632.4463
2148,89742.37596
2149,188080.2259
2150,157387.1143
2151,94758.19431
2152,113556.3519
2153,240085.8314
2154,262490.3441
2155,231875.5037
2156,214671.4967
2157,168846.2426
2158,247183.9008
2159,481949.3888
2160,345455.8839
2161,254665.2854
2162,171629.677
2163,147450.628
2164,209446.4754
2165,206924.9777
2166,196937.8412
2167,223956.2699
2168,136230.0247
2169,131289.6138
2170,159092.6228
2171,226628.244
2172,295220.0911
2173,319246.4442
2174,252900.5562
2175,216483.6883
2176,143016.0378
2177,273324.5401
2178,191754.6434
2179,236254.359
2180,185741.5445
2181,133225.7801
2182,117308.8586
2183,140366.7155
2184,143281.015
2185,159892.9185
2186,225367.1902
2187,86049.22834
2188,97592.19873
2189,90199.99952
2190,88866.74878
2191,101338.2345
2192,112545.0223
2193,106626.2744
2194,111979.7152
2195,136572.3981
2196,143929.0423
2197,113056.4908
2198,117184.1203
2199,165074.1732
2200,167985.5327
2201,203796.4767
2202,121582.801
2203,125567.4559
2204,206845.5539
2205,213494.498
2206,231877.1078
2207,109237.3728
2208,107399.316
2209,107977.5598
2210,95008.79407
2211,162841.5011
2212,94590.22644
2213,149219.7263
2214,93270.42784
2215,63315.55645
2216,53293.07789
2217,61335.56595
2218,325914.5905
2219,285353.9949
2220,322780.5653
2221,230136.8395
2222,139746.2999
2223,241284.5675
2224,223337.1848
2225,276843.0234
2226,228202.8787
2227,168825.0801
2228,219432.5773
2229,192648.0365
2230,189612.5654
2231,212121.716
2232,231538.3422
2233,272786.7129
2234,369131.8307
2235,199906.9865
2236,107609.1534
2237,167948.5676
2238,154602.8229
2239,133638.4174
2240,143564.1048
2241,94093.40723
2242,88960.52336
2243,144077.0994
2244,90847.21869
2245,113775.4881
2246,127768.7248
2247,131054.822
2248,146355.9672
2249,170446.9482
2250,155650.8748
2251,167621.3039
2252,185811.0418
2253,176410.8861
2254,213484.1884
2255,169479.6712
2256,176951.3094
2257,138086.3258
2258,200715.1694
2259,217424.864
2260,332311.7177
2261,386593.9753
2262,156470.4663
2263,257420.6577
2264,319387.6621
2265,343384.3901
2266,145788.4799
2267,167302.4478
2268,190668.2623
2269,190230.7653
2270,170497.4898
2271,166650.7371
2272,160616.1943
2273,172170.5861
2274,186596.0771
2275,135445.1682
2276,118736.9233
2277,111307.0047
2278,208823.8673
2279,234703.1164
2280,95867.75254
2281,113531.2218
2282,128056.5293
2283,128547.0551
2284,351852.3165
2285,285690.4436
2286,348854.3298
2287,452952.2228
2288,318685.497
2289,412771.1925
2290,554793.6588
2291,407798.3028
2292,516214.697
2293,278105.295
2294,305767.7776
2295,298052.3872
2296,372712.9837
2297,336495.2844
2298,265422.809
2299,245678.7258
2300,234776.9294
2301,256465.6606
2302,198943.5333
2303,206231.8797
2304,201490.5548
2305,209245.9389
2306,251780.8618
2307,224031.7617
2308,205774.7548
2309,184512.5115
2310,174353.9456
2311,183695.8794
2312,176110.5149
2313,249470.8408
2314,176625.9103
2315,177664.4464
2316,174860.5782
2317,181671.4534
2318,228578.6151
2319,171557.8969
2320,160911.5511
2321,159132.2995
2322,202881.1416
2323,156993.8917
2324,228840.7256
2325,228836.3287
2326,182454.7502
2327,181586.5103
2328,343513.5221
2329,394515.8123
2330,313139.5186
2331,296117.9599
2332,269822.6252
2333,320066.7806
2334,186097.6611
2335,257764.0418
2336,215942.3097
2337,408632.4253
2338,216147.412
2339,219846.151
2340,205392.2151
2341,245453.7761
2342,257600.5507
2343,193165.4379
2344,188507.1559
2345,228785.6318
2346,195989.9836
2347,277440.7475
2348,234448.4351
2349,233849.2872
2350,302562.111
2351,126099.4922
2352,140147.8804
2353,156686.722
2354,195371.2808
2355,204339.1937
2356,113606.4781
2357,123205.6063
2358,131071.1235
2359,271341.0538
2360,132732.7692
2361,135944.5366
2362,211974.6037
2363,168807.1788
2364,219565.1547
2365,205710.1846
2366,208246.6801
2367,175665.0966
2368,172271.5849
2369,189147.5049
2370,259664.6096
2371,277783.5046
2372,233216.777
2373,258203.2519
2374,307721.1355
2375,139077.3754
2376,177989.2251
2377,134311.529
2378,153208.8177
2379,176178.4582
2380,221285.9064
2381,247121.8409
2382,146478.1495
2383,135995.7882
2384,137659.7206
2385,103071.8259
2386,116574.6129
2387,130328.7661
2388,127352.5574
2389,115464.8662
2390,152094.3848
2391,142495.1288
2392,194667.9762
2393,148293.8874
2394,181396.6988
2395,120332.2254
2396,80995.91579
2397,72319.62819
2398,111581.3651
2399,135535.9629
2400,129290.2222
2401,136500.9204
2402,167416.4031
2403,133167.372
2404,126797.0993
2405,123774.2162
2406,133077.9232
2407,158029.7673
2408,115903.0512
2409,144564.8337
2410,146891.8033
2411,122727.4791
2412,133083.008
2413,113267.2159
2414,116293.9639
2415,129280.2577
2416,143197.8926
2417,122153.469
2418,151569.8728
2419,107050.3454
2420,130247.5186
2421,149668.1105
2422,218044.4098
2423,121640.4636
2424,144605.784
2425,152516.4554
2426,118531.231
2427,133094.2837
2428,101838.7191
2429,137296.5307
2430,139971.8789
2431,145729.6938
2432,153194.0428
2433,102555.7704
2434,109744.4992
2435,118386.3991
2436,107776.12
2437,108370.0677
2438,104556.138
2439,104122.8568
2440,103059.1538
2441,124065.7207
2442,83847.07916
2443,141393.655
2444,148423.8803
2445,143325.6101
2446,104725.5479
2447,144712.9694
2448,131815.4679
2449,148224.8385
2450,92325.23911
2451,120680.6289
2452,109269.8483
2453,128228.6527
2454,112101.054
2455,103438.9086
2456,112862.9532
2457,136335.2134
2458,115307.5935
2459,127418.6617
2460,110833.0481
2461,148705.8855
2462,132838.6592
2463,111657.8918
2464,122314.0945
2465,83210.26088
2466,86209.15625
2467,182391.3133
2468,162509.834
2469,171026.2753
2470,116539.0952
2471,127153.985
2472,222783.1632
2473,105127.1276
2474,125696.9366
2475,163434.7363
2476,112233.3945
2477,128614.2197
2478,131487.2198
2479,135346.1154
2480,121843.924
2481,120529.4733
2482,125765.3741
2483,157625.3462
2484,198899.4392
2485,126695.5502
2486,130123.8821
2487,148917.2157
2488,112904.4048
2489,182177.2256
2490,136738.9007
2491,159753.5322
2492,111738.4419
2493,225694.7122
2494,149301.6993
2495,121740.9047
2496,87238.69204
2497,129717.1857
2498,128804.8468
2499,138209.9173
2500,89334.28098
2501,170959.1582
2502,221458.6206
2503,251696.1525
2504,308420.1348
2505,250860.0274
2506,233012.8945
2507,207804.9329
2508,188458.2041
2509,212789.1731
2510,217502.1028
2511,256085.0175
2512,139971.1263
2513,168018.6102
2514,142906.3448
2515,154554.3055
2516,223219.7646
2517,209032.6448
2518,194045.0454
2519,210208.2916
2520,129811.8184
2521,137396.6554
2522,147288.5444
2523,135467.1395
2524,117176.9509
2525,128740.4962
2526,126426.9592
2527,107140.3989
2528,257124.9752
2529,223577.4246
2530,191167.9151
2531,222965.4455
2532,283985.055
2533,212169.223
2534,187342.0949
2535,180159.7488
2536,197180.3639
2537,184718.2802
2538,178107.839
2539,176622.6128
2540,124580.3874
2541,119127.9536
2542,122657.4896
2543,140808.0737
2544,128051.5989
2545,144271.5422
2546,167659.1739
2547,644408.3518
2548,142571.5327
2549,116227.8343
2550,95287.84976
2551,117194.0434
2552,107573.8657
2553,102773.5894
2554,112532.531
2555,146624.1818
2556,132840.8781
2557,115756.0092
2558,104667.5475
2559,130228.7257
2560,156186.0789
2561,164379.1764
2562,100870.1825
2563,161490.835
2564,136514.4102
2565,163897.5997
2566,181352.5357
2567,107385.3173
2568,219421.1861
2569,143937.4332
2570,183652.2275
2571,240635.4857
2572,115412.003
2573,133600.2212
2574,147023.5203
2575,89064.88741
2576,79540.95385
2577,131545.9769
2578,126804.3919
2579,93985.83252
2580,301893.3397
2581,151155.7379
2582,197099.3729
2583,199716.7522
2584,205273.7468
2585,129926.7757
2586,142783.6295
2587,233950.4629
2588,224110.4442
2589,205889.0683
2590,241437.9757
2591,163510.4426
2592,185248.1233
2593,330680.6366
2594,203546.2694
2595,270579.4791
2596,301148.0644
2597,201930.2071
2598,139454.0207
2599,87219.65599
2600,88491.16033
2601,84400.53355
2602,83115.26031
2603,140468.3347
2604,171718.1694
2605,180264.8139
2606,160734.0636
2607,101933.8098
2608,155874.7027
2609,154751.5937
2610,129216.8245
2611,126366.1705
2612,138316.7122
2613,131699.3898
2614,208520.5258
2615,159686.6319
2616,193778.6631
2617,182092.9133
2618,184493.4424
2619,196238.4775
2620,244403.1454
2621,302698.8088
2622,290737.7325
2623,167720.6257
2624,174655.2236
2625,395729.1567
2626,473355.3327
2627,343011.5702
2628,456381.0651
2629,422211.0483
2630,282080.81
2631,390739.5282
2632,148977.7005
2633,181745.5569
2634,166698.0435
2635,242415.6514
2636,184020.3992
2637,154118.25
2638,108322.5463
2639,220009.7137
2640,98230.9912
2641,129798.8153
2642,95909.3157
2643,95899.27143
2644,100421.2459
2645,135429.9356
2646,145153.8861
2647,119185.6653
2648,152665.2824
2649,429410.6533
2650,241541.3505
2651,292451.9599
2652,347435.4078
2653,291017.5438
2654,281778.4526
2655,266257.299
2656,320648.3314
2657,349375.9126
2658,350221.3403
2659,342500.3469
2660,251884.9251
2661,243852.6882
2662,303532.0901
2663,240314.68
2664,175172.1066
2665,180985.8471
2666,177442.4941
2667,310596.6655
2668,176791.4485
2669,181179.4163
2670,218492.361
2671,223947.4728
2672,162873.5253
2673,179215.6921
2674,204061.2173
2675,285562.4487
2676,261812.4198
2677,283990.2497
2678,367702.3249
2679,352220.3748
2680,485859.1527
2681,315621.7959
2682,385435.2823
2683,236044.5192
2684,297989.0402
2685,223294.8217
2686,195330.6633
2687,491258.127
2688,190860.4059
2689,135747.4378
2690,175773.78
2691,127727.2275
2692,185993.9887
2693,181803.8416
2694,211030.9613
2695,205596.7822
2696,187860.3404
2697,175380.5169
2698,158347.6275
2699,117117.1195
2700,120750.263
2701,136262.3148
2702,128626.8909
2703,121472.2372
2704,119878.754
2705,134617.7158
2706,112998.2513
2707,124596.7191
2708,309632.2247
2709,397682.7717
2710,165536.9153
2711,157606.4932
2712,173204.8226
2713,144724.8917
2714,171323.8463
2715,215215.7152
2716,154764.9326
2717,161828.4536
2718,138336.6077
2719,160525.4466
2720,136483.011
2721,131361.891
2722,134553.3198
2723,158100.55
2724,157114.6237
2725,161032.5634
2726,144222.9029
2727,148962.3861
2728,108018.7738
2729,104304.1243
2730,153169.2132
2731,157229.9811
2732,136739.0567
2733,144949.1982
2734,127561.6491
2735,145874.9158
2736,162847.2343
2737,125908.6199
2738,137852.6682
2739,148191.8125
2740,149879.2764
2741,141922.7979
2742,138560.6654
2743,137211.8705
2744,155995.346
2745,107489.8391
2746,127325.7573
2747,133688.8617
2748,121202.786
2749,223457.3238
2750,140156.9341
2751,222828.7566
2752,117029.6513
2753,98539.27811
2754,76013.2509
2755,87462.55174
2756,153608.6797
2757,163216.417
2758,159576.3135
2759,147077.1019
2760,157308.8263
2761,145426.0983
2762,235280.2433
2763,145184.9082
2764,84578.71254
2765,127750.4477
2766,135617.6561
2767,134709.8622
2768,117360.2705
2769,118098.1553
2770,169526.5037
2771,135522.5373
2772,132728.9218
2773,141932.9675
2774,143171.4905
2775,89314.88196
2776,128947.5113
2777,113444.3379
2778,90222.67599
2779,103464.2068
2780,114879.4811
2781,121788.6908
2782,145786.8134
2783,86963.34455
2784,105256.9734
2785,92325.16049
2786,142794.7472
2787,86582.61055
2788,113146.0697
2789,93490.89582
2790,188766.9155
2791,104151.1094
2792,113703.8899
2793,92168.43172
2794,156816.8949
2795,125572.4069
2796,129044.6964
2797,88710.24805
2798,102936.4881
2799,148880.1522
2800,155117.9204
2801,141570.6302
2802,90273.96429
2803,84062.7434
2804,136917.1456
2805,142809.6856
2806,124678.5747
2807,130411.0022
2808,159645.0695
2809,145363.4047
2810,168977.0126
2811,172776.0249
2812,96659.7688
2813,232101.4819
2814,134142.1462
2815,129852.9985
2816,157603.6724
2817,140356.7963
2818,112897.0606
2819,212426.1703
2820,250926.6289
2821,174120.9572
2822,140182.8669
2823,138003.0514
2824,140240.1936
2825,236540.495
2826,220263.6741
2827,251808.0458
2828,183948.2087
2829,267112.102
2830,278821.1389
2831,223880.3813
2832,212348.7849
2833,183368.7342
2834,144048.0294
2835,150266.9463
2836,176461.7177
2837,188244.2938
2838,193400.014
2839,216065.4389
2840,151070.4014
2841,149809.5984
2842,122661.7776
2843,215868.4206
2844,200812.5288
2845,191131.3005
2846,215437.2732
2847,276800.5209
2848,241329.8082
2849,232808.8958
2850,228874.3576
2851,138712.5412
2852,191978.7525
2853,204405.9145
2854,185786.0277
2855,189436.945
2856,153974.713
2857,120989.3735
2858,142743.5539
2859,194072.218
2860,126867.3943
2861,254643.4821
2862,141394.7872
2863,139163.4256
2864,88359.0483
2865,112960.8974
2866,132304.9807
2867,146084.945
2868,107151.0475
2869,73538.67731
2870,110289.6833
2871,132924.6899
2872,116304.9234
2873,172975.1257
2874,152646.0905
2875,167465.001
2876,145109.2391
2877,97349.06983
2878,157674.0734
2879,161554.4583
2880,169671.4079
2881,168826.406
2882,177360.2897
2883,216424.2015
2884,103181.3703
2885,115864.2262
2886,79550.72289
2887,85108.65654
2888,135746.3078
2889,49375.92807
2890,73262.91416
2891,53787.08535
2892,275015.4376
2893,280155.2983
2894,190653.8878
2895,144234.6816
2896,220369.9171
2897,164360.5055
2898,180637.5108
2899,190710.3139
2900,343858.1257
2901,345194.266
2902,132670.0697
2903,200044.9964
2904,109617.8454
2905,128221.3406
2906,151770.1303
2907,80086.13505
2908,82811.01137
2909,151931.6118
2910,85895.38709
2911,82808.34065
2912,82622.45336
2913,86799.04341
2914,147662.0976
2915,122409.9621
2916,257956.3189
